data,vo2max,vo2max_ciclismo,carga_aguda,carga_cronica,carga_ratio,carga_feedback,training_status,training_stress_balance
2025-04-15,"{'calendarDate': '2025-04-13', 'vo2MaxPreciseValue': 57.8, 'vo2MaxValue': 58.0, 'fitnessAge': None, 'fitnessAgeDescription': None, 'maxMetCategory': 0}",,,,,,,
2025-04-16,"{'calendarDate': '2025-04-13', 'vo2MaxPreciseValue': 57.8, 'vo2MaxValue': 58.0, 'fitnessAge': None, 'fitnessAgeDescription': None, 'maxMetCategory': 0}",,,,,,,
2025-04-17,"{'calendarDate': '2025-04-13', 'vo2MaxPreciseValue': 57.8, 'vo2MaxValue': 58.0, 'fitnessAge': None, 'fitnessAgeDescription': None, 'maxMetCategory': 0}",,,,,,,
2025-04-18,"{'calendarDate': '2025-04-13', 'vo2MaxPreciseValue': 57.8, 'vo2MaxValue': 58.0, 'fitnessAge': None, 'fitnessAgeDescription': None, 'maxMetCategory': 0}",,,,,,,
2025-04-19,"{'calendarDate': '2025-04-13', 'vo2MaxPreciseValue': 57.8, 'vo2MaxValue': 58.0, 'fitnessAge': None, 'fitnessAgeDescription': None, 'maxMetCategory': 0}",,,,,,,
2025-04-20,"{'calendarDate': '2025-04-13', 'vo2MaxPreciseValue': 57.8, 'vo2MaxValue': 58.0, 'fitnessAge': None, 'fitnessAgeDescription': None, 'maxMetCategory': 0}",,,,,,,
2025-04-21,"{'calendarDate': '2025-04-13', 'vo2MaxPreciseValue': 57.8, 'vo2MaxValue': 58.0, 'fitnessAge': None, 'fitnessAgeDescription': None, 'maxMetCategory': 0}",,,,,,,
2025-04-22,"{'calendarDate': '2025-04-13', 'vo2MaxPreciseValue': 57.8, 'vo2MaxValue': 58.0, 'fitnessAge': None, 'fitnessAgeDescription': None, 'maxMetCategory': 0}",,,,,,,
2025-04-23,"{'calendarDate': '2025-04-13', 'vo2MaxPreciseValue': 57.8, 'vo2MaxValue': 58.0, 'fitnessAge': None, 'fitnessAgeDescription': None, 'maxMetCategory': 0}",,,,,,,
2025-04-24,"{'calendarDate': '2025-04-13', 'vo2MaxPreciseValue': 57.8, 'vo2MaxValue': 58.0, 'fitnessAge': None, 'fitnessAgeDescription': None, 'maxMetCategory': 0}",,,,,,,
2025-04-25,"{'calendarDate': '2025-04-13', 'vo2MaxPreciseValue': 57.8, 'vo2MaxValue': 58.0, 'fitnessAge': None, 'fitnessAgeDescription': None, 'maxMetCategory': 0}",,,,,,,
2025-04-26,"{'calendarDate': '2025-04-13', 'vo2MaxPreciseValue': 57.8, 'vo2MaxValue': 58.0, 'fitnessAge': None, 'fitnessAgeDescription': None, 'maxMetCategory': 0}",,,,,,,
2025-04-27,"{'calendarDate': '2025-04-13', 'vo2MaxPreciseValue': 57.8, 'vo2MaxValue': 58.0, 'fitnessAge': None, 'fitnessAgeDescription': None, 'maxMetCategory': 0}",,,,,,,
2025-04-28,"{'calendarDate': '2025-04-13', 'vo2MaxPreciseValue': 57.8, 'vo2MaxValue': 58.0, 'fitnessAge': None, 'fitnessAgeDescription': None, 'maxMetCategory': 0}",,,,,,,
2025-04-29,"{'calendarDate': '2025-04-13', 'vo2MaxPreciseValue': 57.8, 'vo2MaxValue': 58.0, 'fitnessAge': None, 'fitnessAgeDescription': None, 'maxMetCategory': 0}",,,,,,,
2025-04-30,"{'calendarDate': '2025-04-13', 'vo2MaxPreciseValue': 57.8, 'vo2MaxValue': 58.0, 'fitnessAge': None, 'fitnessAgeDescription': None, 'maxMetCategory': 0}",,,,,,,
2025-05-01,"{'calendarDate': '2025-04-13', 'vo2MaxPreciseValue': 57.8, 'vo2MaxValue': 58.0, 'fitnessAge': None, 'fitnessAgeDescription': None, 'maxMetCategory': 0}",,,,,,,
2025-05-02,"{'calendarDate': '2025-04-13', 'vo2MaxPreciseValue': 57.8, 'vo2MaxValue': 58.0, 'fitnessAge': None, 'fitnessAgeDescription': None, 'maxMetCategory': 0}",,,,,,,
2025-05-03,"{'calendarDate': '2025-04-13', 'vo2MaxPreciseValue': 57.8, 'vo2MaxValue': 58.0, 'fitnessAge': None, 'fitnessAgeDescription': None, 'maxMetCategory': 0}",,,,,,,
2025-05-04,"{'calendarDate': '2025-05-04', 'vo2MaxPreciseValue': 57.7, 'vo2MaxValue': 58.0, 'fitnessAge': None, 'fitnessAgeDescription': None, 'maxMetCategory': 0}",,,,,,,
2025-05-05,"{'calendarDate': '2025-05-04', 'vo2MaxPreciseValue': 57.7, 'vo2MaxValue': 58.0, 'fitnessAge': None, 'fitnessAgeDescription': None, 'maxMetCategory': 0}",,,,,,,
2025-05-06,"{'calendarDate': '2025-05-04', 'vo2MaxPreciseValue': 57.7, 'vo2MaxValue': 58.0, 'fitnessAge': None, 'fitnessAgeDescription': None, 'maxMetCategory': 0}",,,,,,,
2025-05-07,"{'calendarDate': '2025-05-04', 'vo2MaxPreciseValue': 57.7, 'vo2MaxValue': 58.0, 'fitnessAge': None, 'fitnessAgeDescription': None, 'maxMetCategory': 0}",,,,,,,
2025-05-08,"{'calendarDate': '2025-05-04', 'vo2MaxPreciseValue': 57.7, 'vo2MaxValue': 58.0, 'fitnessAge': None, 'fitnessAgeDescription': None, 'maxMetCategory': 0}",,,,,,,
2025-05-09,"{'calendarDate': '2025-05-04', 'vo2MaxPreciseValue': 57.7, 'vo2MaxValue': 58.0, 'fitnessAge': None, 'fitnessAgeDescription': None, 'maxMetCategory': 0}",,,,,,,
2025-05-10,"{'calendarDate': '2025-05-04', 'vo2MaxPreciseValue': 57.7, 'vo2MaxValue': 58.0, 'fitnessAge': None, 'fitnessAgeDescription': None, 'maxMetCategory': 0}",,,,,,,
2025-05-11,"{'calendarDate': '2025-05-04', 'vo2MaxPreciseValue': 57.7, 'vo2MaxValue': 58.0, 'fitnessAge': None, 'fitnessAgeDescription': None, 'maxMetCategory': 0}",,,,,,,
2025-05-12,"{'calendarDate': '2025-05-04', 'vo2MaxPreciseValue': 57.7, 'vo2MaxValue': 58.0, 'fitnessAge': None, 'fitnessAgeDescription': None, 'maxMetCategory': 0}",,,,,,,
2025-05-13,"{'calendarDate': '2025-05-04', 'vo2MaxPreciseValue': 57.7, 'vo2MaxValue': 58.0, 'fitnessAge': None, 'fitnessAgeDescription': None, 'maxMetCategory': 0}",,,,,,,
2025-05-14,"{'calendarDate': '2025-05-04', 'vo2MaxPreciseValue': 57.7, 'vo2MaxValue': 58.0, 'fitnessAge': None, 'fitnessAgeDescription': None, 'maxMetCategory': 0}",,,,,,,
2025-05-15,"{'calendarDate': '2025-05-04', 'vo2MaxPreciseValue': 57.7, 'vo2MaxValue': 58.0, 'fitnessAge': None, 'fitnessAgeDescription': None, 'maxMetCategory': 0}",,,,,,,
2025-05-16,"{'calendarDate': '2025-05-04', 'vo2MaxPreciseValue': 57.7, 'vo2MaxValue': 58.0, 'fitnessAge': None, 'fitnessAgeDescription': None, 'maxMetCategory': 0}",,,,,,,
2025-05-17,"{'calendarDate': '2025-05-04', 'vo2MaxPreciseValue': 57.7, 'vo2MaxValue': 58.0, 'fitnessAge': None, 'fitnessAgeDescription': None, 'maxMetCategory': 0}",,,,,,,
2025-05-18,"{'calendarDate': '2025-05-18', 'vo2MaxPreciseValue': 58.2, 'vo2MaxValue': 58.0, 'fitnessAge': None, 'fitnessAgeDescription': None, 'maxMetCategory': 0}",,,,,,,
2025-05-19,"{'calendarDate': '2025-05-18', 'vo2MaxPreciseValue': 58.2, 'vo2MaxValue': 58.0, 'fitnessAge': None, 'fitnessAgeDescription': None, 'maxMetCategory': 0}",,,,,,,
2025-05-20,"{'calendarDate': '2025-05-18', 'vo2MaxPreciseValue': 58.2, 'vo2MaxValue': 58.0, 'fitnessAge': None, 'fitnessAgeDescription': None, 'maxMetCategory': 0}",,,,,,,
2025-05-21,"{'calendarDate': '2025-05-18', 'vo2MaxPreciseValue': 58.2, 'vo2MaxValue': 58.0, 'fitnessAge': None, 'fitnessAgeDescription': None, 'maxMetCategory': 0}",,,,,,,
2025-05-22,"{'calendarDate': '2025-05-22', 'vo2MaxPreciseValue': 58.2, 'vo2MaxValue': 58.0, 'fitnessAge': None, 'fitnessAgeDescription': None, 'maxMetCategory': 0}",,,,,,,
2025-05-23,"{'calendarDate': '2025-05-22', 'vo2MaxPreciseValue': 58.2, 'vo2MaxValue': 58.0, 'fitnessAge': None, 'fitnessAgeDescription': None, 'maxMetCategory': 0}",,,,,,,
2025-05-24,"{'calendarDate': '2025-05-22', 'vo2MaxPreciseValue': 58.2, 'vo2MaxValue': 58.0, 'fitnessAge': None, 'fitnessAgeDescription': None, 'maxMetCategory': 0}",,,,,,,
2025-05-25,"{'calendarDate': '2025-05-22', 'vo2MaxPreciseValue': 58.2, 'vo2MaxValue': 58.0, 'fitnessAge': None, 'fitnessAgeDescription': None, 'maxMetCategory': 0}",,,,,,,
2025-05-26,"{'calendarDate': '2025-05-22', 'vo2MaxPreciseValue': 58.2, 'vo2MaxValue': 58.0, 'fitnessAge': None, 'fitnessAgeDescription': None, 'maxMetCategory': 0}",,,,,,,
2025-05-27,"{'calendarDate': '2025-05-22', 'vo2MaxPreciseValue': 58.2, 'vo2MaxValue': 58.0, 'fitnessAge': None, 'fitnessAgeDescription': None, 'maxMetCategory': 0}",,,,,,,
2025-05-28,"{'calendarDate': '2025-05-28', 'vo2MaxPreciseValue': 58.2, 'vo2MaxValue': 58.0, 'fitnessAge': None, 'fitnessAgeDescription': None, 'maxMetCategory': 0}",,,,,,,
2025-05-29,"{'calendarDate': '2025-05-28', 'vo2MaxPreciseValue': 58.2, 'vo2MaxValue': 58.0, 'fitnessAge': None, 'fitnessAgeDescription': None, 'maxMetCategory': 0}",,,,,,,
2025-05-30,"{'calendarDate': '2025-05-28', 'vo2MaxPreciseValue': 58.2, 'vo2MaxValue': 58.0, 'fitnessAge': None, 'fitnessAgeDescription': None, 'maxMetCategory': 0}",,,,,,,
2025-05-31,"{'calendarDate': '2025-05-31', 'vo2MaxPreciseValue': 58.2, 'vo2MaxValue': 58.0, 'fitnessAge': None, 'fitnessAgeDescription': None, 'maxMetCategory': 0}",,,,,,,
2025-06-01,"{'calendarDate': '2025-05-31', 'vo2MaxPreciseValue': 58.2, 'vo2MaxValue': 58.0, 'fitnessAge': None, 'fitnessAgeDescription': None, 'maxMetCategory': 0}",,,,,,,
2025-06-02,"{'calendarDate': '2025-05-31', 'vo2MaxPreciseValue': 58.2, 'vo2MaxValue': 58.0, 'fitnessAge': None, 'fitnessAgeDescription': None, 'maxMetCategory': 0}",,,,,,,
2025-06-03,"{'calendarDate': '2025-05-31', 'vo2MaxPreciseValue': 58.2, 'vo2MaxValue': 58.0, 'fitnessAge': None, 'fitnessAgeDescription': None, 'maxMetCategory': 0}",,,,,,,
2025-06-04,"{'calendarDate': '2025-06-04', 'vo2MaxPreciseValue': 58.3, 'vo2MaxValue': 58.0, 'fitnessAge': None, 'fitnessAgeDescription': None, 'maxMetCategory': 0}",,,,,,,
2025-06-05,"{'calendarDate': '2025-06-04', 'vo2MaxPreciseValue': 58.3, 'vo2MaxValue': 58.0, 'fitnessAge': None, 'fitnessAgeDescription': None, 'maxMetCategory': 0}",,,,,,,
2025-06-06,"{'calendarDate': '2025-06-04', 'vo2MaxPreciseValue': 58.3, 'vo2MaxValue': 58.0, 'fitnessAge': None, 'fitnessAgeDescription': None, 'maxMetCategory': 0}",,,,,,,
2025-06-07,"{'calendarDate': '2025-06-07', 'vo2MaxPreciseValue': 58.3, 'vo2MaxValue': 58.0, 'fitnessAge': None, 'fitnessAgeDescription': None, 'maxMetCategory': 0}",,,,,,,
2025-06-08,"{'calendarDate': '2025-06-07', 'vo2MaxPreciseValue': 58.3, 'vo2MaxValue': 58.0, 'fitnessAge': None, 'fitnessAgeDescription': None, 'maxMetCategory': 0}",,,,,,,
2025-06-09,"{'calendarDate': '2025-06-07', 'vo2MaxPreciseValue': 58.3, 'vo2MaxValue': 58.0, 'fitnessAge': None, 'fitnessAgeDescription': None, 'maxMetCategory': 0}",,,,,,,
2025-06-10,"{'calendarDate': '2025-06-07', 'vo2MaxPreciseValue': 58.3, 'vo2MaxValue': 58.0, 'fitnessAge': None, 'fitnessAgeDescription': None, 'maxMetCategory': 0}",,,,,,,
2025-06-11,"{'calendarDate': '2025-06-11', 'vo2MaxPreciseValue': 58.2, 'vo2MaxValue': 58.0, 'fitnessAge': None, 'fitnessAgeDescription': None, 'maxMetCategory': 0}",,,,,,,
2025-06-12,"{'calendarDate': '2025-06-11', 'vo2MaxPreciseValue': 58.2, 'vo2MaxValue': 58.0, 'fitnessAge': None, 'fitnessAgeDescription': None, 'maxMetCategory': 0}",,,,,,,
2025-06-13,"{'calendarDate': '2025-06-13', 'vo2MaxPreciseValue': 58.2, 'vo2MaxValue': 58.0, 'fitnessAge': None, 'fitnessAgeDescription': None, 'maxMetCategory': 0}",,,,,,,
2025-06-14,"{'calendarDate': '2025-06-13', 'vo2MaxPreciseValue': 58.2, 'vo2MaxValue': 58.0, 'fitnessAge': None, 'fitnessAgeDescription': None, 'maxMetCategory': 0}",,,,,,,
2025-06-15,"{'calendarDate': '2025-06-13', 'vo2MaxPreciseValue': 58.2, 'vo2MaxValue': 58.0, 'fitnessAge': None, 'fitnessAgeDescription': None, 'maxMetCategory': 0}",,,,,,,
2025-06-16,"{'calendarDate': '2025-06-13', 'vo2MaxPreciseValue': 58.2, 'vo2MaxValue': 58.0, 'fitnessAge': None, 'fitnessAgeDescription': None, 'maxMetCategory': 0}",,,,,,,
2025-06-17,"{'calendarDate': '2025-06-17', 'vo2MaxPreciseValue': 57.8, 'vo2MaxValue': 58.0, 'fitnessAge': None, 'fitnessAgeDescription': None, 'maxMetCategory': 0}",,,,,,,
2025-06-18,"{'calendarDate': '2025-06-17', 'vo2MaxPreciseValue': 57.8, 'vo2MaxValue': 58.0, 'fitnessAge': None, 'fitnessAgeDescription': None, 'maxMetCategory': 0}",,,,,,,
2025-06-19,"{'calendarDate': '2025-06-19', 'vo2MaxPreciseValue': 57.6, 'vo2MaxValue': 58.0, 'fitnessAge': None, 'fitnessAgeDescription': None, 'maxMetCategory': 0}",,,,,,,
2025-06-20,"{'calendarDate': '2025-06-19', 'vo2MaxPreciseValue': 57.6, 'vo2MaxValue': 58.0, 'fitnessAge': None, 'fitnessAgeDescription': None, 'maxMetCategory': 0}",,,,,,,
2025-06-21,"{'calendarDate': '2025-06-19', 'vo2MaxPreciseValue': 57.6, 'vo2MaxValue': 58.0, 'fitnessAge': None, 'fitnessAgeDescription': None, 'maxMetCategory': 0}",,,,,,,
2025-06-22,"{'calendarDate': '2025-06-19', 'vo2MaxPreciseValue': 57.6, 'vo2MaxValue': 58.0, 'fitnessAge': None, 'fitnessAgeDescription': None, 'maxMetCategory': 0}",,,,,,,
2025-06-23,"{'calendarDate': '2025-06-23', 'vo2MaxPreciseValue': 57.7, 'vo2MaxValue': 58.0, 'fitnessAge': None, 'fitnessAgeDescription': None, 'maxMetCategory': 0}",,,,,,,
2025-06-24,"{'calendarDate': '2025-06-23', 'vo2MaxPreciseValue': 57.7, 'vo2MaxValue': 58.0, 'fitnessAge': None, 'fitnessAgeDescription': None, 'maxMetCategory': 0}",,,,,,,
2025-06-25,"{'calendarDate': '2025-06-25', 'vo2MaxPreciseValue': 57.6, 'vo2MaxValue': 58.0, 'fitnessAge': None, 'fitnessAgeDescription': None, 'maxMetCategory': 0}",,,,,,,
2025-06-26,"{'calendarDate': '2025-06-25', 'vo2MaxPreciseValue': 57.6, 'vo2MaxValue': 58.0, 'fitnessAge': None, 'fitnessAgeDescription': None, 'maxMetCategory': 0}",,,,,,,
2025-06-27,"{'calendarDate': '2025-06-25', 'vo2MaxPreciseValue': 57.6, 'vo2MaxValue': 58.0, 'fitnessAge': None, 'fitnessAgeDescription': None, 'maxMetCategory': 0}",,,,,,,
2025-06-28,"{'calendarDate': '2025-06-28', 'vo2MaxPreciseValue': 58.1, 'vo2MaxValue': 58.0, 'fitnessAge': None, 'fitnessAgeDescription': None, 'maxMetCategory': 0}",,,,,,,
2025-06-29,"{'calendarDate': '2025-06-28', 'vo2MaxPreciseValue': 58.1, 'vo2MaxValue': 58.0, 'fitnessAge': None, 'fitnessAgeDescription': None, 'maxMetCategory': 0}",,,,,,,
2025-06-30,"{'calendarDate': '2025-06-28', 'vo2MaxPreciseValue': 58.1, 'vo2MaxValue': 58.0, 'fitnessAge': None, 'fitnessAgeDescription': None, 'maxMetCategory': 0}",,,,,,,
2025-07-01,"{'calendarDate': '2025-07-01', 'vo2MaxPreciseValue': 58.3, 'vo2MaxValue': 58.0, 'fitnessAge': None, 'fitnessAgeDescription': None, 'maxMetCategory': 0}",,,,,,,
2025-07-02,"{'calendarDate': '2025-07-01', 'vo2MaxPreciseValue': 58.3, 'vo2MaxValue': 58.0, 'fitnessAge': None, 'fitnessAgeDescription': None, 'maxMetCategory': 0}",,,,,,,
2025-07-03,"{'calendarDate': '2025-07-03', 'vo2MaxPreciseValue': 58.3, 'vo2MaxValue': 58.0, 'fitnessAge': None, 'fitnessAgeDescription': None, 'maxMetCategory': 0}",,,,,,,
2025-07-04,"{'calendarDate': '2025-07-03', 'vo2MaxPreciseValue': 58.3, 'vo2MaxValue': 58.0, 'fitnessAge': None, 'fitnessAgeDescription': None, 'maxMetCategory': 0}",,,,,,,
2025-07-05,"{'calendarDate': '2025-07-05', 'vo2MaxPreciseValue': 58.2, 'vo2MaxValue': 58.0, 'fitnessAge': None, 'fitnessAgeDescription': None, 'maxMetCategory': 0}",,,,,,,
2025-07-06,"{'calendarDate': '2025-07-05', 'vo2MaxPreciseValue': 58.2, 'vo2MaxValue': 58.0, 'fitnessAge': None, 'fitnessAgeDescription': None, 'maxMetCategory': 0}",,,,,,,
2025-07-07,"{'calendarDate': '2025-07-05', 'vo2MaxPreciseValue': 58.2, 'vo2MaxValue': 58.0, 'fitnessAge': None, 'fitnessAgeDescription': None, 'maxMetCategory': 0}",,,,,,,
2025-07-08,"{'calendarDate': '2025-07-08', 'vo2MaxPreciseValue': 58.0, 'vo2MaxValue': 58.0, 'fitnessAge': None, 'fitnessAgeDescription': None, 'maxMetCategory': 0}",,,,,,,
2025-07-09,"{'calendarDate': '2025-07-08', 'vo2MaxPreciseValue': 58.0, 'vo2MaxValue': 58.0, 'fitnessAge': None, 'fitnessAgeDescription': None, 'maxMetCategory': 0}",,,,,,,
2025-07-10,"{'calendarDate': '2025-07-10', 'vo2MaxPreciseValue': 58.0, 'vo2MaxValue': 58.0, 'fitnessAge': None, 'fitnessAgeDescription': None, 'maxMetCategory': 0}",,,,,,,
2025-07-11,"{'calendarDate': '2025-07-10', 'vo2MaxPreciseValue': 58.0, 'vo2MaxValue': 58.0, 'fitnessAge': None, 'fitnessAgeDescription': None, 'maxMetCategory': 0}",,,,,,,
2025-07-12,"{'calendarDate': '2025-07-12', 'vo2MaxPreciseValue': 58.0, 'vo2MaxValue': 58.0, 'fitnessAge': None, 'fitnessAgeDescription': None, 'maxMetCategory': 0}",,,,,,,
2025-07-13,"{'calendarDate': '2025-07-12', 'vo2MaxPreciseValue': 58.0, 'vo2MaxValue': 58.0, 'fitnessAge': None, 'fitnessAgeDescription': None, 'maxMetCategory': 0}",,,,,,,
2025-07-14,"{'calendarDate': '2025-07-12', 'vo2MaxPreciseValue': 58.0, 'vo2MaxValue': 58.0, 'fitnessAge': None, 'fitnessAgeDescription': None, 'maxMetCategory': 0}",,,,,,,
2025-07-15,"{'calendarDate': '2025-07-15', 'vo2MaxPreciseValue': 58.3, 'vo2MaxValue': 58.0, 'fitnessAge': None, 'fitnessAgeDescription': None, 'maxMetCategory': 0}",,,,,,,
2025-07-16,"{'calendarDate': '2025-07-15', 'vo2MaxPreciseValue': 58.3, 'vo2MaxValue': 58.0, 'fitnessAge': None, 'fitnessAgeDescription': None, 'maxMetCategory': 0}",,,,,,,
2025-07-17,"{'calendarDate': '2025-07-17', 'vo2MaxPreciseValue': 58.4, 'vo2MaxValue': 58.0, 'fitnessAge': None, 'fitnessAgeDescription': None, 'maxMetCategory': 0}",,,,,,,
2025-07-18,"{'calendarDate': '2025-07-17', 'vo2MaxPreciseValue': 58.4, 'vo2MaxValue': 58.0, 'fitnessAge': None, 'fitnessAgeDescription': None, 'maxMetCategory': 0}",,,,,,,
2025-07-19,"{'calendarDate': '2025-07-17', 'vo2MaxPreciseValue': 58.4, 'vo2MaxValue': 58.0, 'fitnessAge': None, 'fitnessAgeDescription': None, 'maxMetCategory': 0}",,,,,,,
2025-07-20,"{'calendarDate': '2025-07-20', 'vo2MaxPreciseValue': 58.3, 'vo2MaxValue': 58.0, 'fitnessAge': None, 'fitnessAgeDescription': None, 'maxMetCategory': 0}",,,,,,,
2025-07-21,"{'calendarDate': '2025-07-20', 'vo2MaxPreciseValue': 58.3, 'vo2MaxValue': 58.0, 'fitnessAge': None, 'fitnessAgeDescription': None, 'maxMetCategory': 0}",,,,,,,
2025-07-22,"{'calendarDate': '2025-07-20', 'vo2MaxPreciseValue': 58.3, 'vo2MaxValue': 58.0, 'fitnessAge': None, 'fitnessAgeDescription': None, 'maxMetCategory': 0}",,,,,,,
2025-07-23,"{'calendarDate': '2025-07-20', 'vo2MaxPreciseValue': 58.3, 'vo2MaxValue': 58.0, 'fitnessAge': None, 'fitnessAgeDescription': None, 'maxMetCategory': 0}",,,,,,,
2025-07-24,"{'calendarDate': '2025-07-20', 'vo2MaxPreciseValue': 58.3, 'vo2MaxValue': 58.0, 'fitnessAge': None, 'fitnessAgeDescription': None, 'maxMetCategory': 0}",,,,,,,
2025-07-25,"{'calendarDate': '2025-07-20', 'vo2MaxPreciseValue': 58.3, 'vo2MaxValue': 58.0, 'fitnessAge': None, 'fitnessAgeDescription': None, 'maxMetCategory': 0}",,,,,,,
2025-07-26,"{'calendarDate': '2025-07-20', 'vo2MaxPreciseValue': 58.3, 'vo2MaxValue': 58.0, 'fitnessAge': None, 'fitnessAgeDescription': None, 'maxMetCategory': 0}",,,,,,,
2025-07-27,"{'calendarDate': '2025-07-20', 'vo2MaxPreciseValue': 58.3, 'vo2MaxValue': 58.0, 'fitnessAge': None, 'fitnessAgeDescription': None, 'maxMetCategory': 0}",,,,,,,
2025-07-28,"{'calendarDate': '2025-07-28', 'vo2MaxPreciseValue': 57.9, 'vo2MaxValue': 58.0, 'fitnessAge': None, 'fitnessAgeDescription': None, 'maxMetCategory': 0}",,,,,,,
2025-07-29,"{'calendarDate': '2025-07-28', 'vo2MaxPreciseValue': 57.9, 'vo2MaxValue': 58.0, 'fitnessAge': None, 'fitnessAgeDescription': None, 'maxMetCategory': 0}",,,,,,,
2025-07-30,"{'calendarDate': '2025-07-30', 'vo2MaxPreciseValue': 58.1, 'vo2MaxValue': 58.0, 'fitnessAge': None, 'fitnessAgeDescription': None, 'maxMetCategory': 0}",,,,,,,
2025-07-31,"{'calendarDate': '2025-07-30', 'vo2MaxPreciseValue': 58.1, 'vo2MaxValue': 58.0, 'fitnessAge': None, 'fitnessAgeDescription': None, 'maxMetCategory': 0}",,,,,,,
2025-08-01,"{'calendarDate': '2025-07-30', 'vo2MaxPreciseValue': 58.1, 'vo2MaxValue': 58.0, 'fitnessAge': None, 'fitnessAgeDescription': None, 'maxMetCategory': 0}",,,,,,,
2025-08-02,"{'calendarDate': '2025-07-30', 'vo2MaxPreciseValue': 58.1, 'vo2MaxValue': 58.0, 'fitnessAge': None, 'fitnessAgeDescription': None, 'maxMetCategory': 0}",,,,,,,
2025-08-03,"{'calendarDate': '2025-08-03', 'vo2MaxPreciseValue': 58.1, 'vo2MaxValue': 58.0, 'fitnessAge': None, 'fitnessAgeDescription': None, 'maxMetCategory': 0}",,,,,,,
2025-08-04,"{'calendarDate': '2025-08-03', 'vo2MaxPreciseValue': 58.1, 'vo2MaxValue': 58.0, 'fitnessAge': None, 'fitnessAgeDescription': None, 'maxMetCategory': 0}",,,,,,,
2025-08-05,"{'calendarDate': '2025-08-03', 'vo2MaxPreciseValue': 58.1, 'vo2MaxValue': 58.0, 'fitnessAge': None, 'fitnessAgeDescription': None, 'maxMetCategory': 0}",,,,,,,
2025-08-06,"{'calendarDate': '2025-08-03', 'vo2MaxPreciseValue': 58.1, 'vo2MaxValue': 58.0, 'fitnessAge': None, 'fitnessAgeDescription': None, 'maxMetCategory': 0}",,,,,,,
2025-08-07,"{'calendarDate': '2025-08-07', 'vo2MaxPreciseValue': 57.8, 'vo2MaxValue': 58.0, 'fitnessAge': None, 'fitnessAgeDescription': None, 'maxMetCategory': 0}",,,,,,,
2025-08-08,"{'calendarDate': '2025-08-07', 'vo2MaxPreciseValue': 57.8, 'vo2MaxValue': 58.0, 'fitnessAge': None, 'fitnessAgeDescription': None, 'maxMetCategory': 0}",,,,,,,
2025-08-09,"{'calendarDate': '2025-08-09', 'vo2MaxPreciseValue': 57.4, 'vo2MaxValue': 57.0, 'fitnessAge': None, 'fitnessAgeDescription': None, 'maxMetCategory': 0}",,,,,,,
2025-08-10,"{'calendarDate': '2025-08-09', 'vo2MaxPreciseValue': 57.4, 'vo2MaxValue': 57.0, 'fitnessAge': None, 'fitnessAgeDescription': None, 'maxMetCategory': 0}",,,,,,,
2025-08-11,"{'calendarDate': '2025-08-09', 'vo2MaxPreciseValue': 57.4, 'vo2MaxValue': 57.0, 'fitnessAge': None, 'fitnessAgeDescription': None, 'maxMetCategory': 0}",,,,,,,
2025-08-12,"{'calendarDate': '2025-08-09', 'vo2MaxPreciseValue': 57.4, 'vo2MaxValue': 57.0, 'fitnessAge': None, 'fitnessAgeDescription': None, 'maxMetCategory': 0}",,,,,,,
2025-08-13,"{'calendarDate': '2025-08-09', 'vo2MaxPreciseValue': 57.4, 'vo2MaxValue': 57.0, 'fitnessAge': None, 'fitnessAgeDescription': None, 'maxMetCategory': 0}",,,,,,,
2025-08-14,"{'calendarDate': '2025-08-14', 'vo2MaxPreciseValue': 57.2, 'vo2MaxValue': 57.0, 'fitnessAge': None, 'fitnessAgeDescription': None, 'maxMetCategory': 0}",,,,,,,
2025-08-15,"{'calendarDate': '2025-08-14', 'vo2MaxPreciseValue': 57.2, 'vo2MaxValue': 57.0, 'fitnessAge': None, 'fitnessAgeDescription': None, 'maxMetCategory': 0}",,,,,,,
2025-08-16,"{'calendarDate': '2025-08-16', 'vo2MaxPreciseValue': 57.2, 'vo2MaxValue': 57.0, 'fitnessAge': None, 'fitnessAgeDescription': None, 'maxMetCategory': 0}",,,,,,,
2025-08-17,"{'calendarDate': '2025-08-16', 'vo2MaxPreciseValue': 57.2, 'vo2MaxValue': 57.0, 'fitnessAge': None, 'fitnessAgeDescription': None, 'maxMetCategory': 0}",,,,,,,
2025-08-18,"{'calendarDate': '2025-08-16', 'vo2MaxPreciseValue': 57.2, 'vo2MaxValue': 57.0, 'fitnessAge': None, 'fitnessAgeDescription': None, 'maxMetCategory': 0}",,,,,,,
2025-08-19,"{'calendarDate': '2025-08-16', 'vo2MaxPreciseValue': 57.2, 'vo2MaxValue': 57.0, 'fitnessAge': None, 'fitnessAgeDescription': None, 'maxMetCategory': 0}",,,,,,,
2025-08-20,"{'calendarDate': '2025-08-20', 'vo2MaxPreciseValue': 57.0, 'vo2MaxValue': 57.0, 'fitnessAge': None, 'fitnessAgeDescription': None, 'maxMetCategory': 0}",,,,,,,
2025-08-21,"{'calendarDate': '2025-08-20', 'vo2MaxPreciseValue': 57.0, 'vo2MaxValue': 57.0, 'fitnessAge': None, 'fitnessAgeDescription': None, 'maxMetCategory': 0}",,,,,,,
2025-08-22,"{'calendarDate': '2025-08-20', 'vo2MaxPreciseValue': 57.0, 'vo2MaxValue': 57.0, 'fitnessAge': None, 'fitnessAgeDescription': None, 'maxMetCategory': 0}",,,,,,,
2025-08-23,"{'calendarDate': '2025-08-20', 'vo2MaxPreciseValue': 57.0, 'vo2MaxValue': 57.0, 'fitnessAge': None, 'fitnessAgeDescription': None, 'maxMetCategory': 0}",,,,,,,
2025-08-24,"{'calendarDate': '2025-08-24', 'vo2MaxPreciseValue': 57.3, 'vo2MaxValue': 57.0, 'fitnessAge': None, 'fitnessAgeDescription': None, 'maxMetCategory': 0}",,,,,,,
2025-08-25,"{'calendarDate': '2025-08-24', 'vo2MaxPreciseValue': 57.3, 'vo2MaxValue': 57.0, 'fitnessAge': None, 'fitnessAgeDescription': None, 'maxMetCategory': 0}",,,,,,,
2025-08-26,"{'calendarDate': '2025-08-24', 'vo2MaxPreciseValue': 57.3, 'vo2MaxValue': 57.0, 'fitnessAge': None, 'fitnessAgeDescription': None, 'maxMetCategory': 0}",,,,,,,
2025-08-27,"{'calendarDate': '2025-08-27', 'vo2MaxPreciseValue': 57.3, 'vo2MaxValue': 57.0, 'fitnessAge': None, 'fitnessAgeDescription': None, 'maxMetCategory': 0}",,,,,,,
2025-08-28,"{'calendarDate': '2025-08-27', 'vo2MaxPreciseValue': 57.3, 'vo2MaxValue': 57.0, 'fitnessAge': None, 'fitnessAgeDescription': None, 'maxMetCategory': 0}",,,,,,,
2025-08-29,"{'calendarDate': '2025-08-27', 'vo2MaxPreciseValue': 57.3, 'vo2MaxValue': 57.0, 'fitnessAge': None, 'fitnessAgeDescription': None, 'maxMetCategory': 0}",,,,,,,
2025-08-30,"{'calendarDate': '2025-08-27', 'vo2MaxPreciseValue': 57.3, 'vo2MaxValue': 57.0, 'fitnessAge': None, 'fitnessAgeDescription': None, 'maxMetCategory': 0}",,,,,,,
2025-08-31,"{'calendarDate': '2025-08-27', 'vo2MaxPreciseValue': 57.3, 'vo2MaxValue': 57.0, 'fitnessAge': None, 'fitnessAgeDescription': None, 'maxMetCategory': 0}",,,,,,,
2025-09-01,"{'calendarDate': '2025-08-27', 'vo2MaxPreciseValue': 57.3, 'vo2MaxValue': 57.0, 'fitnessAge': None, 'fitnessAgeDescription': None, 'maxMetCategory': 0}",,,,,,,
2025-09-02,"{'calendarDate': '2025-08-27', 'vo2MaxPreciseValue': 57.3, 'vo2MaxValue': 57.0, 'fitnessAge': None, 'fitnessAgeDescription': None, 'maxMetCategory': 0}",,,,,,,
2025-09-03,"{'calendarDate': '2025-08-27', 'vo2MaxPreciseValue': 57.3, 'vo2MaxValue': 57.0, 'fitnessAge': None, 'fitnessAgeDescription': None, 'maxMetCategory': 0}",,,,,,,
2025-09-04,"{'calendarDate': '2025-08-27', 'vo2MaxPreciseValue': 57.3, 'vo2MaxValue': 57.0, 'fitnessAge': None, 'fitnessAgeDescription': None, 'maxMetCategory': 0}",,,,,,,
2025-09-05,"{'calendarDate': '2025-08-27', 'vo2MaxPreciseValue': 57.3, 'vo2MaxValue': 57.0, 'fitnessAge': None, 'fitnessAgeDescription': None, 'maxMetCategory': 0}",,,,,,,
2025-09-06,"{'calendarDate': '2025-09-06', 'vo2MaxPreciseValue': 57.7, 'vo2MaxValue': 58.0, 'fitnessAge': None, 'fitnessAgeDescription': None, 'maxMetCategory': 0}",,,,,,,
2025-09-07,"{'calendarDate': '2025-09-06', 'vo2MaxPreciseValue': 57.7, 'vo2MaxValue': 58.0, 'fitnessAge': None, 'fitnessAgeDescription': None, 'maxMetCategory': 0}",,,,,,,
2025-09-08,"{'calendarDate': '2025-09-08', 'vo2MaxPreciseValue': 57.6, 'vo2MaxValue': 58.0, 'fitnessAge': None, 'fitnessAgeDescription': None, 'maxMetCategory': 0}",,,,,,,
2025-09-09,"{'calendarDate': '2025-09-08', 'vo2MaxPreciseValue': 57.6, 'vo2MaxValue': 58.0, 'fitnessAge': None, 'fitnessAgeDescription': None, 'maxMetCategory': 0}",,,,,,,
2025-09-10,"{'calendarDate': '2025-09-10', 'vo2MaxPreciseValue': 57.7, 'vo2MaxValue': 58.0, 'fitnessAge': None, 'fitnessAgeDescription': None, 'maxMetCategory': 0}",,,,,,,
2025-09-11,"{'calendarDate': '2025-09-10', 'vo2MaxPreciseValue': 57.7, 'vo2MaxValue': 58.0, 'fitnessAge': None, 'fitnessAgeDescription': None, 'maxMetCategory': 0}",,,,,,,
2025-09-12,"{'calendarDate': '2025-09-10', 'vo2MaxPreciseValue': 57.7, 'vo2MaxValue': 58.0, 'fitnessAge': None, 'fitnessAgeDescription': None, 'maxMetCategory': 0}",,,,,,,
2025-09-13,"{'calendarDate': '2025-09-13', 'vo2MaxPreciseValue': 58.0, 'vo2MaxValue': 58.0, 'fitnessAge': None, 'fitnessAgeDescription': None, 'maxMetCategory': 0}",,,,,,,
2025-09-14,"{'calendarDate': '2025-09-13', 'vo2MaxPreciseValue': 58.0, 'vo2MaxValue': 58.0, 'fitnessAge': None, 'fitnessAgeDescription': None, 'maxMetCategory': 0}",,,,,,,
2025-09-15,"{'calendarDate': '2025-09-13', 'vo2MaxPreciseValue': 58.0, 'vo2MaxValue': 58.0, 'fitnessAge': None, 'fitnessAgeDescription': None, 'maxMetCategory': 0}",,,,,,,
2025-09-16,"{'calendarDate': '2025-09-13', 'vo2MaxPreciseValue': 58.0, 'vo2MaxValue': 58.0, 'fitnessAge': None, 'fitnessAgeDescription': None, 'maxMetCategory': 0}",,,,,,,
2025-09-17,"{'calendarDate': '2025-09-17', 'vo2MaxPreciseValue': 58.0, 'vo2MaxValue': 58.0, 'fitnessAge': None, 'fitnessAgeDescription': None, 'maxMetCategory': 0}",,,,,,,
2025-09-18,"{'calendarDate': '2025-09-17', 'vo2MaxPreciseValue': 58.0, 'vo2MaxValue': 58.0, 'fitnessAge': None, 'fitnessAgeDescription': None, 'maxMetCategory': 0}",,,,,,,
2025-09-19,"{'calendarDate': '2025-09-17', 'vo2MaxPreciseValue': 58.0, 'vo2MaxValue': 58.0, 'fitnessAge': None, 'fitnessAgeDescription': None, 'maxMetCategory': 0}",,,,,,,
2025-09-20,"{'calendarDate': '2025-09-17', 'vo2MaxPreciseValue': 58.0, 'vo2MaxValue': 58.0, 'fitnessAge': None, 'fitnessAgeDescription': None, 'maxMetCategory': 0}",,,,,,,
2025-09-21,"{'calendarDate': '2025-09-21', 'vo2MaxPreciseValue': 58.1, 'vo2MaxValue': 58.0, 'fitnessAge': None, 'fitnessAgeDescription': None, 'maxMetCategory': 0}",,,,,,,
2025-09-22,"{'calendarDate': '2025-09-21', 'vo2MaxPreciseValue': 58.1, 'vo2MaxValue': 58.0, 'fitnessAge': None, 'fitnessAgeDescription': None, 'maxMetCategory': 0}",,,,,,,
2025-09-23,"{'calendarDate': '2025-09-21', 'vo2MaxPreciseValue': 58.1, 'vo2MaxValue': 58.0, 'fitnessAge': None, 'fitnessAgeDescription': None, 'maxMetCategory': 0}",,,,,,,
2025-09-24,"{'calendarDate': '2025-09-21', 'vo2MaxPreciseValue': 58.1, 'vo2MaxValue': 58.0, 'fitnessAge': None, 'fitnessAgeDescription': None, 'maxMetCategory': 0}",,,,,,,
2025-09-25,"{'calendarDate': '2025-09-25', 'vo2MaxPreciseValue': 58.0, 'vo2MaxValue': 58.0, 'fitnessAge': None, 'fitnessAgeDescription': None, 'maxMetCategory': 0}",,,,,,,
2025-09-26,"{'calendarDate': '2025-09-25', 'vo2MaxPreciseValue': 58.0, 'vo2MaxValue': 58.0, 'fitnessAge': None, 'fitnessAgeDescription': None, 'maxMetCategory': 0}",,,,,,,
2025-09-27,"{'calendarDate': '2025-09-27', 'vo2MaxPreciseValue': 58.4, 'vo2MaxValue': 58.0, 'fitnessAge': None, 'fitnessAgeDescription': None, 'maxMetCategory': 0}",,,,,,,
2025-09-28,"{'calendarDate': '2025-09-27', 'vo2MaxPreciseValue': 58.4, 'vo2MaxValue': 58.0, 'fitnessAge': None, 'fitnessAgeDescription': None, 'maxMetCategory': 0}",,,,,,,
2025-09-29,"{'calendarDate': '2025-09-27', 'vo2MaxPreciseValue': 58.4, 'vo2MaxValue': 58.0, 'fitnessAge': None, 'fitnessAgeDescription': None, 'maxMetCategory': 0}",,,,,,,
2025-09-30,"{'calendarDate': '2025-09-30', 'vo2MaxPreciseValue': 58.8, 'vo2MaxValue': 59.0, 'fitnessAge': None, 'fitnessAgeDescription': None, 'maxMetCategory': 0}",,,,,,,
2025-10-01,"{'calendarDate': '2025-09-30', 'vo2MaxPreciseValue': 58.8, 'vo2MaxValue': 59.0, 'fitnessAge': None, 'fitnessAgeDescription': None, 'maxMetCategory': 0}",,,,,,,
2025-10-02,"{'calendarDate': '2025-09-30', 'vo2MaxPreciseValue': 58.8, 'vo2MaxValue': 59.0, 'fitnessAge': None, 'fitnessAgeDescription': None, 'maxMetCategory': 0}",,,,,,,
2025-10-03,"{'calendarDate': '2025-09-30', 'vo2MaxPreciseValue': 58.8, 'vo2MaxValue': 59.0, 'fitnessAge': None, 'fitnessAgeDescription': None, 'maxMetCategory': 0}",,,,,,,
2025-10-04,"{'calendarDate': '2025-09-30', 'vo2MaxPreciseValue': 58.8, 'vo2MaxValue': 59.0, 'fitnessAge': None, 'fitnessAgeDescription': None, 'maxMetCategory': 0}",,,,,,,
2025-10-05,"{'calendarDate': '2025-10-05', 'vo2MaxPreciseValue': 58.9, 'vo2MaxValue': 59.0, 'fitnessAge': None, 'fitnessAgeDescription': None, 'maxMetCategory': 0}",,,,,,,
2025-10-06,"{'calendarDate': '2025-10-05', 'vo2MaxPreciseValue': 58.9, 'vo2MaxValue': 59.0, 'fitnessAge': None, 'fitnessAgeDescription': None, 'maxMetCategory': 0}",,,,,,,
2025-10-07,"{'calendarDate': '2025-10-05', 'vo2MaxPreciseValue': 58.9, 'vo2MaxValue': 59.0, 'fitnessAge': None, 'fitnessAgeDescription': None, 'maxMetCategory': 0}",,,,,,,
2025-10-08,"{'calendarDate': '2025-10-05', 'vo2MaxPreciseValue': 58.9, 'vo2MaxValue': 59.0, 'fitnessAge': None, 'fitnessAgeDescription': None, 'maxMetCategory': 0}",,,,,,,
2025-10-09,"{'calendarDate': '2025-10-05', 'vo2MaxPreciseValue': 58.9, 'vo2MaxValue': 59.0, 'fitnessAge': None, 'fitnessAgeDescription': None, 'maxMetCategory': 0}",,,,,,,
2025-10-10,"{'calendarDate': '2025-10-05', 'vo2MaxPreciseValue': 58.9, 'vo2MaxValue': 59.0, 'fitnessAge': None, 'fitnessAgeDescription': None, 'maxMetCategory': 0}",,,,,,,
2025-10-11,"{'calendarDate': '2025-10-11', 'vo2MaxPreciseValue': 58.8, 'vo2MaxValue': 59.0, 'fitnessAge': None, 'fitnessAgeDescription': None, 'maxMetCategory': 0}",,,,,,,
2025-10-12,"{'calendarDate': '2025-10-11', 'vo2MaxPreciseValue': 58.8, 'vo2MaxValue': 59.0, 'fitnessAge': None, 'fitnessAgeDescription': None, 'maxMetCategory': 0}",,,,,,,
2025-10-13,"{'calendarDate': '2025-10-11', 'vo2MaxPreciseValue': 58.8, 'vo2MaxValue': 59.0, 'fitnessAge': None, 'fitnessAgeDescription': None, 'maxMetCategory': 0}",,,,,,,
2025-10-14,"{'calendarDate': '2025-10-11', 'vo2MaxPreciseValue': 58.8, 'vo2MaxValue': 59.0, 'fitnessAge': None, 'fitnessAgeDescription': None, 'maxMetCategory': 0}",,,,,,,
2025-10-15,"{'calendarDate': '2025-10-11', 'vo2MaxPreciseValue': 58.8, 'vo2MaxValue': 59.0, 'fitnessAge': None, 'fitnessAgeDescription': None, 'maxMetCategory': 0}",,,,,,,
2025-10-16,"{'calendarDate': '2025-10-16', 'vo2MaxPreciseValue': 59.9, 'vo2MaxValue': 60.0, 'fitnessAge': None, 'fitnessAgeDescription': None, 'maxMetCategory': 0}",,,,,,,
2025-10-17,"{'calendarDate': '2025-10-16', 'vo2MaxPreciseValue': 59.9, 'vo2MaxValue': 60.0, 'fitnessAge': None, 'fitnessAgeDescription': None, 'maxMetCategory': 0}",,,,,,,
2025-10-18,"{'calendarDate': '2025-10-16', 'vo2MaxPreciseValue': 59.9, 'vo2MaxValue': 60.0, 'fitnessAge': None, 'fitnessAgeDescription': None, 'maxMetCategory': 0}",,,,,,,
2025-10-19,"{'calendarDate': '2025-10-16', 'vo2MaxPreciseValue': 59.9, 'vo2MaxValue': 60.0, 'fitnessAge': None, 'fitnessAgeDescription': None, 'maxMetCategory': 0}",,,,,,,
2025-10-20,"{'calendarDate': '2025-10-16', 'vo2MaxPreciseValue': 59.9, 'vo2MaxValue': 60.0, 'fitnessAge': None, 'fitnessAgeDescription': None, 'maxMetCategory': 0}",,,,,,,
2025-10-21,"{'calendarDate': '2025-10-16', 'vo2MaxPreciseValue': 59.9, 'vo2MaxValue': 60.0, 'fitnessAge': None, 'fitnessAgeDescription': None, 'maxMetCategory': 0}",,,,,,,
2025-10-22,"{'calendarDate': '2025-10-22', 'vo2MaxPreciseValue': 59.7, 'vo2MaxValue': 60.0, 'fitnessAge': None, 'fitnessAgeDescription': None, 'maxMetCategory': 0}",,,,,,,
2025-10-23,"{'calendarDate': '2025-10-22', 'vo2MaxPreciseValue': 59.7, 'vo2MaxValue': 60.0, 'fitnessAge': None, 'fitnessAgeDescription': None, 'maxMetCategory': 0}",,,,,,,
2025-10-24,"{'calendarDate': '2025-10-22', 'vo2MaxPreciseValue': 59.7, 'vo2MaxValue': 60.0, 'fitnessAge': None, 'fitnessAgeDescription': None, 'maxMetCategory': 0}",,,,,,,
2025-10-25,"{'calendarDate': '2025-10-22', 'vo2MaxPreciseValue': 59.7, 'vo2MaxValue': 60.0, 'fitnessAge': None, 'fitnessAgeDescription': None, 'maxMetCategory': 0}",,,,,,,
2025-10-26,"{'calendarDate': '2025-10-26', 'vo2MaxPreciseValue': 59.6, 'vo2MaxValue': 60.0, 'fitnessAge': None, 'fitnessAgeDescription': None, 'maxMetCategory': 0}",,,,,,,
2025-10-27,"{'calendarDate': '2025-10-26', 'vo2MaxPreciseValue': 59.6, 'vo2MaxValue': 60.0, 'fitnessAge': None, 'fitnessAgeDescription': None, 'maxMetCategory': 0}",,,,,,,
2025-10-28,"{'calendarDate': '2025-10-26', 'vo2MaxPreciseValue': 59.6, 'vo2MaxValue': 60.0, 'fitnessAge': None, 'fitnessAgeDescription': None, 'maxMetCategory': 0}",,,,,,,
2025-10-29,"{'calendarDate': '2025-10-26', 'vo2MaxPreciseValue': 59.6, 'vo2MaxValue': 60.0, 'fitnessAge': None, 'fitnessAgeDescription': None, 'maxMetCategory': 0}",,,,,,,
2025-10-30,"{'calendarDate': '2025-10-26', 'vo2MaxPreciseValue': 59.6, 'vo2MaxValue': 60.0, 'fitnessAge': None, 'fitnessAgeDescription': None, 'maxMetCategory': 0}",,,,,,,
2025-10-31,"{'calendarDate': '2025-10-26', 'vo2MaxPreciseValue': 59.6, 'vo2MaxValue': 60.0, 'fitnessAge': None, 'fitnessAgeDescription': None, 'maxMetCategory': 0}",,,,,,,
2025-11-01,"{'calendarDate': '2025-11-01', 'vo2MaxPreciseValue': 59.6, 'vo2MaxValue': 60.0, 'fitnessAge': None, 'fitnessAgeDescription': None, 'maxMetCategory': 0}",,,,,,,
2025-11-02,"{'calendarDate': '2025-11-01', 'vo2MaxPreciseValue': 59.6, 'vo2MaxValue': 60.0, 'fitnessAge': None, 'fitnessAgeDescription': None, 'maxMetCategory': 0}",,,,,,,
2025-11-03,"{'calendarDate': '2025-11-01', 'vo2MaxPreciseValue': 59.6, 'vo2MaxValue': 60.0, 'fitnessAge': None, 'fitnessAgeDescription': None, 'maxMetCategory': 0}",,,,,,,
2025-11-04,"{'calendarDate': '2025-11-01', 'vo2MaxPreciseValue': 59.6, 'vo2MaxValue': 60.0, 'fitnessAge': None, 'fitnessAgeDescription': None, 'maxMetCategory': 0}",,,,,,,
2025-11-05,"{'calendarDate': '2025-11-05', 'vo2MaxPreciseValue': 59.5, 'vo2MaxValue': 60.0, 'fitnessAge': None, 'fitnessAgeDescription': None, 'maxMetCategory': 0}",,,,,,,
2025-11-06,"{'calendarDate': '2025-11-05', 'vo2MaxPreciseValue': 59.5, 'vo2MaxValue': 60.0, 'fitnessAge': None, 'fitnessAgeDescription': None, 'maxMetCategory': 0}",,,,,,,
2025-11-07,"{'calendarDate': '2025-11-05', 'vo2MaxPreciseValue': 59.5, 'vo2MaxValue': 60.0, 'fitnessAge': None, 'fitnessAgeDescription': None, 'maxMetCategory': 0}",,,,,,,
2025-11-08,"{'calendarDate': '2025-11-05', 'vo2MaxPreciseValue': 59.5, 'vo2MaxValue': 60.0, 'fitnessAge': None, 'fitnessAgeDescription': None, 'maxMetCategory': 0}",,,,,,,
2025-11-09,"{'calendarDate': '2025-11-05', 'vo2MaxPreciseValue': 59.5, 'vo2MaxValue': 60.0, 'fitnessAge': None, 'fitnessAgeDescription': None, 'maxMetCategory': 0}",,,,,,,
2025-11-10,"{'calendarDate': '2025-11-05', 'vo2MaxPreciseValue': 59.5, 'vo2MaxValue': 60.0, 'fitnessAge': None, 'fitnessAgeDescription': None, 'maxMetCategory': 0}",,,,,,,
2025-11-11,"{'calendarDate': '2025-11-05', 'vo2MaxPreciseValue': 59.5, 'vo2MaxValue': 60.0, 'fitnessAge': None, 'fitnessAgeDescription': None, 'maxMetCategory': 0}",,,,,,,
2025-11-12,"{'calendarDate': '2025-11-12', 'vo2MaxPreciseValue': 59.9, 'vo2MaxValue': 60.0, 'fitnessAge': None, 'fitnessAgeDescription': None, 'maxMetCategory': 0}",,,,,,,
2025-11-13,"{'calendarDate': '2025-11-12', 'vo2MaxPreciseValue': 59.9, 'vo2MaxValue': 60.0, 'fitnessAge': None, 'fitnessAgeDescription': None, 'maxMetCategory': 0}",,,,,,,
2025-11-14,"{'calendarDate': '2025-11-12', 'vo2MaxPreciseValue': 59.9, 'vo2MaxValue': 60.0, 'fitnessAge': None, 'fitnessAgeDescription': None, 'maxMetCategory': 0}",,,,,,,
2025-11-15,"{'calendarDate': '2025-11-12', 'vo2MaxPreciseValue': 59.9, 'vo2MaxValue': 60.0, 'fitnessAge': None, 'fitnessAgeDescription': None, 'maxMetCategory': 0}",,,,,,,
2025-11-16,"{'calendarDate': '2025-11-16', 'vo2MaxPreciseValue': 59.6, 'vo2MaxValue': 60.0, 'fitnessAge': None, 'fitnessAgeDescription': None, 'maxMetCategory': 0}",,,,,,,
2025-11-17,"{'calendarDate': '2025-11-16', 'vo2MaxPreciseValue': 59.6, 'vo2MaxValue': 60.0, 'fitnessAge': None, 'fitnessAgeDescription': None, 'maxMetCategory': 0}",,,,,,,
2025-11-18,"{'calendarDate': '2025-11-16', 'vo2MaxPreciseValue': 59.6, 'vo2MaxValue': 60.0, 'fitnessAge': None, 'fitnessAgeDescription': None, 'maxMetCategory': 0}",,,,,,,
2025-11-19,"{'calendarDate': '2025-11-16', 'vo2MaxPreciseValue': 59.6, 'vo2MaxValue': 60.0, 'fitnessAge': None, 'fitnessAgeDescription': None, 'maxMetCategory': 0}",,,,,,,
2025-11-20,"{'calendarDate': '2025-11-16', 'vo2MaxPreciseValue': 59.6, 'vo2MaxValue': 60.0, 'fitnessAge': None, 'fitnessAgeDescription': None, 'maxMetCategory': 0}",,,,,,,
2025-11-21,"{'calendarDate': '2025-11-16', 'vo2MaxPreciseValue': 59.6, 'vo2MaxValue': 60.0, 'fitnessAge': None, 'fitnessAgeDescription': None, 'maxMetCategory': 0}",,,,,,,
2025-11-22,"{'calendarDate': '2025-11-16', 'vo2MaxPreciseValue': 59.6, 'vo2MaxValue': 60.0, 'fitnessAge': None, 'fitnessAgeDescription': None, 'maxMetCategory': 0}",,,,,,,
2025-11-23,"{'calendarDate': '2025-11-16', 'vo2MaxPreciseValue': 59.6, 'vo2MaxValue': 60.0, 'fitnessAge': None, 'fitnessAgeDescription': None, 'maxMetCategory': 0}",,,,,,,
2025-11-24,"{'calendarDate': '2025-11-16', 'vo2MaxPreciseValue': 59.6, 'vo2MaxValue': 60.0, 'fitnessAge': None, 'fitnessAgeDescription': None, 'maxMetCategory': 0}",,,,,,,
2025-11-25,"{'calendarDate': '2025-11-16', 'vo2MaxPreciseValue': 59.6, 'vo2MaxValue': 60.0, 'fitnessAge': None, 'fitnessAgeDescription': None, 'maxMetCategory': 0}",,,,,,,
2025-11-26,"{'calendarDate': '2025-11-16', 'vo2MaxPreciseValue': 59.6, 'vo2MaxValue': 60.0, 'fitnessAge': None, 'fitnessAgeDescription': None, 'maxMetCategory': 0}",,,,,,,
2025-11-27,"{'calendarDate': '2025-11-16', 'vo2MaxPreciseValue': 59.6, 'vo2MaxValue': 60.0, 'fitnessAge': None, 'fitnessAgeDescription': None, 'maxMetCategory': 0}",,,,,,,
2025-11-28,"{'calendarDate': '2025-11-16', 'vo2MaxPreciseValue': 59.6, 'vo2MaxValue': 60.0, 'fitnessAge': None, 'fitnessAgeDescription': None, 'maxMetCategory': 0}",,,,,,,
2025-11-29,"{'calendarDate': '2025-11-16', 'vo2MaxPreciseValue': 59.6, 'vo2MaxValue': 60.0, 'fitnessAge': None, 'fitnessAgeDescription': None, 'maxMetCategory': 0}",,,,,,,
2025-11-30,"{'calendarDate': '2025-11-16', 'vo2MaxPreciseValue': 59.6, 'vo2MaxValue': 60.0, 'fitnessAge': None, 'fitnessAgeDescription': None, 'maxMetCategory': 0}",,,,,,,
2025-12-01,"{'calendarDate': '2025-11-16', 'vo2MaxPreciseValue': 59.6, 'vo2MaxValue': 60.0, 'fitnessAge': None, 'fitnessAgeDescription': None, 'maxMetCategory': 0}",,,,,,,
2025-12-02,"{'calendarDate': '2025-11-16', 'vo2MaxPreciseValue': 59.6, 'vo2MaxValue': 60.0, 'fitnessAge': None, 'fitnessAgeDescription': None, 'maxMetCategory': 0}",,,,,,,
2025-12-03,"{'calendarDate': '2025-11-16', 'vo2MaxPreciseValue': 59.6, 'vo2MaxValue': 60.0, 'fitnessAge': None, 'fitnessAgeDescription': None, 'maxMetCategory': 0}",,,,,,,
2025-12-04,"{'calendarDate': '2025-11-16', 'vo2MaxPreciseValue': 59.6, 'vo2MaxValue': 60.0, 'fitnessAge': None, 'fitnessAgeDescription': None, 'maxMetCategory': 0}",,,,,,,
2025-12-05,"{'calendarDate': '2025-11-16', 'vo2MaxPreciseValue': 59.6, 'vo2MaxValue': 60.0, 'fitnessAge': None, 'fitnessAgeDescription': None, 'maxMetCategory': 0}",,,,,,,
2025-12-06,"{'calendarDate': '2025-11-16', 'vo2MaxPreciseValue': 59.6, 'vo2MaxValue': 60.0, 'fitnessAge': None, 'fitnessAgeDescription': None, 'maxMetCategory': 0}",,,,,,,
2025-12-07,"{'calendarDate': '2025-11-16', 'vo2MaxPreciseValue': 59.6, 'vo2MaxValue': 60.0, 'fitnessAge': None, 'fitnessAgeDescription': None, 'maxMetCategory': 0}",,,,,,,
2025-12-08,"{'calendarDate': '2025-11-16', 'vo2MaxPreciseValue': 59.6, 'vo2MaxValue': 60.0, 'fitnessAge': None, 'fitnessAgeDescription': None, 'maxMetCategory': 0}",,,,,,,
2025-12-09,"{'calendarDate': '2025-11-16', 'vo2MaxPreciseValue': 59.6, 'vo2MaxValue': 60.0, 'fitnessAge': None, 'fitnessAgeDescription': None, 'maxMetCategory': 0}",,,,,,,
2025-12-10,"{'calendarDate': '2025-11-16', 'vo2MaxPreciseValue': 59.6, 'vo2MaxValue': 60.0, 'fitnessAge': None, 'fitnessAgeDescription': None, 'maxMetCategory': 0}",,,,,,,
2025-12-11,"{'calendarDate': '2025-11-16', 'vo2MaxPreciseValue': 59.6, 'vo2MaxValue': 60.0, 'fitnessAge': None, 'fitnessAgeDescription': None, 'maxMetCategory': 0}",,,,,,,
2025-12-12,"{'calendarDate': '2025-11-16', 'vo2MaxPreciseValue': 59.6, 'vo2MaxValue': 60.0, 'fitnessAge': None, 'fitnessAgeDescription': None, 'maxMetCategory': 0}",,,,,,,
2025-12-13,"{'calendarDate': '2025-11-16', 'vo2MaxPreciseValue': 59.6, 'vo2MaxValue': 60.0, 'fitnessAge': None, 'fitnessAgeDescription': None, 'maxMetCategory': 0}",,,,,,,
2025-12-14,"{'calendarDate': '2025-11-16', 'vo2MaxPreciseValue': 59.6, 'vo2MaxValue': 60.0, 'fitnessAge': None, 'fitnessAgeDescription': None, 'maxMetCategory': 0}",,,,,,,
2025-12-15,"{'calendarDate': '2025-11-16', 'vo2MaxPreciseValue': 59.6, 'vo2MaxValue': 60.0, 'fitnessAge': None, 'fitnessAgeDescription': None, 'maxMetCategory': 0}",,,,,,,
2025-12-16,,,,,,,,
2025-12-17,,,,,,,,
2025-12-18,,,,,,,,
2025-12-19,"{'calendarDate': '2025-12-19', 'vo2MaxPreciseValue': 60.1, 'vo2MaxValue': 60.0, 'fitnessAge': None, 'fitnessAgeDescription': None, 'maxMetCategory': 0}",,,,,,,
2025-12-20,"{'calendarDate': '2025-12-19', 'vo2MaxPreciseValue': 60.1, 'vo2MaxValue': 60.0, 'fitnessAge': None, 'fitnessAgeDescription': None, 'maxMetCategory': 0}",,,,,,,
2025-12-21,"{'calendarDate': '2025-12-19', 'vo2MaxPreciseValue': 60.1, 'vo2MaxValue': 60.0, 'fitnessAge': None, 'fitnessAgeDescription': None, 'maxMetCategory': 0}",,,,,,,
2025-12-22,"{'calendarDate': '2025-12-19', 'vo2MaxPreciseValue': 60.1, 'vo2MaxValue': 60.0, 'fitnessAge': None, 'fitnessAgeDescription': None, 'maxMetCategory': 0}",,,,,,,
2025-12-23,"{'calendarDate': '2025-12-19', 'vo2MaxPreciseValue': 60.1, 'vo2MaxValue': 60.0, 'fitnessAge': None, 'fitnessAgeDescription': None, 'maxMetCategory': 0}",,,,,,,
2025-12-24,"{'calendarDate': '2025-12-19', 'vo2MaxPreciseValue': 60.1, 'vo2MaxValue': 60.0, 'fitnessAge': None, 'fitnessAgeDescription': None, 'maxMetCategory': 0}",,,,,,,
2025-12-25,"{'calendarDate': '2025-12-19', 'vo2MaxPreciseValue': 60.1, 'vo2MaxValue': 60.0, 'fitnessAge': None, 'fitnessAgeDescription': None, 'maxMetCategory': 0}",,,,,,,
2025-12-26,"{'calendarDate': '2025-12-19', 'vo2MaxPreciseValue': 60.1, 'vo2MaxValue': 60.0, 'fitnessAge': None, 'fitnessAgeDescription': None, 'maxMetCategory': 0}",,,,,,,
2025-12-27,"{'calendarDate': '2025-12-19', 'vo2MaxPreciseValue': 60.1, 'vo2MaxValue': 60.0, 'fitnessAge': None, 'fitnessAgeDescription': None, 'maxMetCategory': 0}",,,,,,,
2025-12-28,"{'calendarDate': '2025-12-19', 'vo2MaxPreciseValue': 60.1, 'vo2MaxValue': 60.0, 'fitnessAge': None, 'fitnessAgeDescription': None, 'maxMetCategory': 0}",,,,,,,
2025-12-29,"{'calendarDate': '2025-12-19', 'vo2MaxPreciseValue': 60.1, 'vo2MaxValue': 60.0, 'fitnessAge': None, 'fitnessAgeDescription': None, 'maxMetCategory': 0}",,,,,,,
2025-12-30,"{'calendarDate': '2025-12-30', 'vo2MaxPreciseValue': 60.3, 'vo2MaxValue': 60.0, 'fitnessAge': None, 'fitnessAgeDescription': None, 'maxMetCategory': 0}",,,,,,,
2025-12-31,"{'calendarDate': '2025-12-30', 'vo2MaxPreciseValue': 60.3, 'vo2MaxValue': 60.0, 'fitnessAge': None, 'fitnessAgeDescription': None, 'maxMetCategory': 0}",,,,,,,
2026-01-01,"{'calendarDate': '2025-12-30', 'vo2MaxPreciseValue': 60.3, 'vo2MaxValue': 60.0, 'fitnessAge': None, 'fitnessAgeDescription': None, 'maxMetCategory': 0}",,,,,,,
2026-01-02,"{'calendarDate': '2025-12-30', 'vo2MaxPreciseValue': 60.3, 'vo2MaxValue': 60.0, 'fitnessAge': None, 'fitnessAgeDescription': None, 'maxMetCategory': 0}",,,,,,,
2026-01-03,"{'calendarDate': '2025-12-30', 'vo2MaxPreciseValue': 60.3, 'vo2MaxValue': 60.0, 'fitnessAge': None, 'fitnessAgeDescription': None, 'maxMetCategory': 0}",,,,,,,
2026-01-04,"{'calendarDate': '2025-12-30', 'vo2MaxPreciseValue': 60.3, 'vo2MaxValue': 60.0, 'fitnessAge': None, 'fitnessAgeDescription': None, 'maxMetCategory': 0}",,,,,,,
2026-01-05,"{'calendarDate': '2025-12-30', 'vo2MaxPreciseValue': 60.3, 'vo2MaxValue': 60.0, 'fitnessAge': None, 'fitnessAgeDescription': None, 'maxMetCategory': 0}",,,,,,,
2026-01-06,"{'calendarDate': '2026-01-06', 'vo2MaxPreciseValue': 60.2, 'vo2MaxValue': 60.0, 'fitnessAge': None, 'fitnessAgeDescription': None, 'maxMetCategory': 0}",,,,,,,
2026-01-07,"{'calendarDate': '2026-01-06', 'vo2MaxPreciseValue': 60.2, 'vo2MaxValue': 60.0, 'fitnessAge': None, 'fitnessAgeDescription': None, 'maxMetCategory': 0}",,,,,,,
2026-01-08,"{'calendarDate': '2026-01-06', 'vo2MaxPreciseValue': 60.2, 'vo2MaxValue': 60.0, 'fitnessAge': None, 'fitnessAgeDescription': None, 'maxMetCategory': 0}",,,,,,,
2026-01-09,"{'calendarDate': '2026-01-09', 'vo2MaxPreciseValue': 60.0, 'vo2MaxValue': 60.0, 'fitnessAge': None, 'fitnessAgeDescription': None, 'maxMetCategory': 0}",,,,,,,
2026-01-10,"{'calendarDate': '2026-01-10', 'vo2MaxPreciseValue': 59.7, 'vo2MaxValue': 60.0, 'fitnessAge': None, 'fitnessAgeDescription': None, 'maxMetCategory': 0}",,,,,,,
2026-01-11,"{'calendarDate': '2026-01-10', 'vo2MaxPreciseValue': 59.7, 'vo2MaxValue': 60.0, 'fitnessAge': None, 'fitnessAgeDescription': None, 'maxMetCategory': 0}",,,,,,,
2026-01-12,"{'calendarDate': '2026-01-10', 'vo2MaxPreciseValue': 59.7, 'vo2MaxValue': 60.0, 'fitnessAge': None, 'fitnessAgeDescription': None, 'maxMetCategory': 0}",,,,,,,
2026-01-13,"{'calendarDate': '2026-01-13', 'vo2MaxPreciseValue': 59.6, 'vo2MaxValue': 60.0, 'fitnessAge': None, 'fitnessAgeDescription': None, 'maxMetCategory': 0}",,,,,,,
2026-01-14,"{'calendarDate': '2026-01-13', 'vo2MaxPreciseValue': 59.6, 'vo2MaxValue': 60.0, 'fitnessAge': None, 'fitnessAgeDescription': None, 'maxMetCategory': 0}",,,,,,,
2026-01-15,"{'calendarDate': '2026-01-13', 'vo2MaxPreciseValue': 59.6, 'vo2MaxValue': 60.0, 'fitnessAge': None, 'fitnessAgeDescription': None, 'maxMetCategory': 0}",,,,,,,
2026-01-16,"{'calendarDate': '2026-01-16', 'vo2MaxPreciseValue': 59.8, 'vo2MaxValue': 60.0, 'fitnessAge': None, 'fitnessAgeDescription': None, 'maxMetCategory': 0}",,,,,,,
2026-01-17,"{'calendarDate': '2026-01-16', 'vo2MaxPreciseValue': 59.8, 'vo2MaxValue': 60.0, 'fitnessAge': None, 'fitnessAgeDescription': None, 'maxMetCategory': 0}",,,,,,,
2026-01-18,"{'calendarDate': '2026-01-16', 'vo2MaxPreciseValue': 59.8, 'vo2MaxValue': 60.0, 'fitnessAge': None, 'fitnessAgeDescription': None, 'maxMetCategory': 0}",,,,,,,
2026-01-19,"{'calendarDate': '2026-01-16', 'vo2MaxPreciseValue': 59.8, 'vo2MaxValue': 60.0, 'fitnessAge': None, 'fitnessAgeDescription': None, 'maxMetCategory': 0}",,,,,,,
2026-01-20,"{'calendarDate': '2026-01-16', 'vo2MaxPreciseValue': 59.8, 'vo2MaxValue': 60.0, 'fitnessAge': None, 'fitnessAgeDescription': None, 'maxMetCategory': 0}",,,,,,,
2026-01-21,"{'calendarDate': '2026-01-16', 'vo2MaxPreciseValue': 59.8, 'vo2MaxValue': 60.0, 'fitnessAge': None, 'fitnessAgeDescription': None, 'maxMetCategory': 0}",,,,,,,
2026-01-22,"{'calendarDate': '2026-01-16', 'vo2MaxPreciseValue': 59.8, 'vo2MaxValue': 60.0, 'fitnessAge': None, 'fitnessAgeDescription': None, 'maxMetCategory': 0}",,,,,,,
2026-01-23,"{'calendarDate': '2026-01-23', 'vo2MaxPreciseValue': 59.7, 'vo2MaxValue': 60.0, 'fitnessAge': None, 'fitnessAgeDescription': None, 'maxMetCategory': 0}",,,,,,,
2026-01-24,"{'calendarDate': '2026-01-23', 'vo2MaxPreciseValue': 59.7, 'vo2MaxValue': 60.0, 'fitnessAge': None, 'fitnessAgeDescription': None, 'maxMetCategory': 0}",,,,,,,
2026-01-25,"{'calendarDate': '2026-01-23', 'vo2MaxPreciseValue': 59.7, 'vo2MaxValue': 60.0, 'fitnessAge': None, 'fitnessAgeDescription': None, 'maxMetCategory': 0}",,,,,,,
2026-01-26,"{'calendarDate': '2026-01-26', 'vo2MaxPreciseValue': 59.5, 'vo2MaxValue': 60.0, 'fitnessAge': None, 'fitnessAgeDescription': None, 'maxMetCategory': 0}",,,,,,,
2026-01-27,"{'calendarDate': '2026-01-26', 'vo2MaxPreciseValue': 59.5, 'vo2MaxValue': 60.0, 'fitnessAge': None, 'fitnessAgeDescription': None, 'maxMetCategory': 0}",,,,,,,
2026-01-28,"{'calendarDate': '2026-01-26', 'vo2MaxPreciseValue': 59.5, 'vo2MaxValue': 60.0, 'fitnessAge': None, 'fitnessAgeDescription': None, 'maxMetCategory': 0}",,,,,,,
2026-01-29,"{'calendarDate': '2026-01-26', 'vo2MaxPreciseValue': 59.5, 'vo2MaxValue': 60.0, 'fitnessAge': None, 'fitnessAgeDescription': None, 'maxMetCategory': 0}",,,,,,,
2026-01-30,"{'calendarDate': '2026-01-26', 'vo2MaxPreciseValue': 59.5, 'vo2MaxValue': 60.0, 'fitnessAge': None, 'fitnessAgeDescription': None, 'maxMetCategory': 0}",,,,,,,
2026-01-31,"{'calendarDate': '2026-01-31', 'vo2MaxPreciseValue': 59.2, 'vo2MaxValue': 59.0, 'fitnessAge': None, 'fitnessAgeDescription': None, 'maxMetCategory': 0}",,,,,,,
2026-02-01,"{'calendarDate': '2026-01-31', 'vo2MaxPreciseValue': 59.2, 'vo2MaxValue': 59.0, 'fitnessAge': None, 'fitnessAgeDescription': None, 'maxMetCategory': 0}",,,,,,,
2026-02-02,"{'calendarDate': '2026-02-02', 'vo2MaxPreciseValue': 59.1, 'vo2MaxValue': 59.0, 'fitnessAge': None, 'fitnessAgeDescription': None, 'maxMetCategory': 0}",,,,,,,
2026-02-03,"{'calendarDate': '2026-02-02', 'vo2MaxPreciseValue': 59.1, 'vo2MaxValue': 59.0, 'fitnessAge': None, 'fitnessAgeDescription': None, 'maxMetCategory': 0}",,,,,,,
2026-02-04,"{'calendarDate': '2026-02-02', 'vo2MaxPreciseValue': 59.1, 'vo2MaxValue': 59.0, 'fitnessAge': None, 'fitnessAgeDescription': None, 'maxMetCategory': 0}",,,,,,,
2026-02-05,"{'calendarDate': '2026-02-02', 'vo2MaxPreciseValue': 59.1, 'vo2MaxValue': 59.0, 'fitnessAge': None, 'fitnessAgeDescription': None, 'maxMetCategory': 0}",,,,,,,
2026-02-06,"{'calendarDate': '2026-02-02', 'vo2MaxPreciseValue': 59.1, 'vo2MaxValue': 59.0, 'fitnessAge': None, 'fitnessAgeDescription': None, 'maxMetCategory': 0}",,,,,,,
2026-02-07,"{'calendarDate': '2026-02-07', 'vo2MaxPreciseValue': 58.9, 'vo2MaxValue': 59.0, 'fitnessAge': None, 'fitnessAgeDescription': None, 'maxMetCategory': 0}",,,,,,,
2026-02-08,"{'calendarDate': '2026-02-07', 'vo2MaxPreciseValue': 58.9, 'vo2MaxValue': 59.0, 'fitnessAge': None, 'fitnessAgeDescription': None, 'maxMetCategory': 0}",,,,,,,
2026-02-09,"{'calendarDate': '2026-02-07', 'vo2MaxPreciseValue': 58.9, 'vo2MaxValue': 59.0, 'fitnessAge': None, 'fitnessAgeDescription': None, 'maxMetCategory': 0}",,,,,,,
2026-02-10,"{'calendarDate': '2026-02-07', 'vo2MaxPreciseValue': 58.9, 'vo2MaxValue': 59.0, 'fitnessAge': None, 'fitnessAgeDescription': None, 'maxMetCategory': 0}",,,,,,,
2026-02-11,"{'calendarDate': '2026-02-11', 'vo2MaxPreciseValue': 58.8, 'vo2MaxValue': 59.0, 'fitnessAge': None, 'fitnessAgeDescription': None, 'maxMetCategory': 0}",,,,,,,
2026-02-12,"{'calendarDate': '2026-02-11', 'vo2MaxPreciseValue': 58.8, 'vo2MaxValue': 59.0, 'fitnessAge': None, 'fitnessAgeDescription': None, 'maxMetCategory': 0}",,,,,,,
2026-02-13,"{'calendarDate': '2026-02-11', 'vo2MaxPreciseValue': 58.8, 'vo2MaxValue': 59.0, 'fitnessAge': None, 'fitnessAgeDescription': None, 'maxMetCategory': 0}",,,,,,,
2026-02-14,"{'calendarDate': '2026-02-11', 'vo2MaxPreciseValue': 58.8, 'vo2MaxValue': 59.0, 'fitnessAge': None, 'fitnessAgeDescription': None, 'maxMetCategory': 0}",,,,,,,
2026-02-15,"{'calendarDate': '2026-02-15', 'vo2MaxPreciseValue': 58.6, 'vo2MaxValue': 59.0, 'fitnessAge': None, 'fitnessAgeDescription': None, 'maxMetCategory': 0}",,,,,,,
2026-02-16,"{'calendarDate': '2026-02-15', 'vo2MaxPreciseValue': 58.6, 'vo2MaxValue': 59.0, 'fitnessAge': None, 'fitnessAgeDescription': None, 'maxMetCategory': 0}",,,,,,,
2026-02-17,"{'calendarDate': '2026-02-15', 'vo2MaxPreciseValue': 58.6, 'vo2MaxValue': 59.0, 'fitnessAge': None, 'fitnessAgeDescription': None, 'maxMetCategory': 0}",,,,,,,
2026-02-18,"{'calendarDate': '2026-02-15', 'vo2MaxPreciseValue': 58.6, 'vo2MaxValue': 59.0, 'fitnessAge': None, 'fitnessAgeDescription': None, 'maxMetCategory': 0}",,,,,,,
2026-02-19,"{'calendarDate': '2026-02-19', 'vo2MaxPreciseValue': 58.5, 'vo2MaxValue': 59.0, 'fitnessAge': None, 'fitnessAgeDescription': None, 'maxMetCategory': 0}",,,,,,,
2026-02-20,"{'calendarDate': '2026-02-19', 'vo2MaxPreciseValue': 58.5, 'vo2MaxValue': 59.0, 'fitnessAge': None, 'fitnessAgeDescription': None, 'maxMetCategory': 0}",,,,,,,
2026-02-21,"{'calendarDate': '2026-02-21', 'vo2MaxPreciseValue': 58.6, 'vo2MaxValue': 59.0, 'fitnessAge': None, 'fitnessAgeDescription': None, 'maxMetCategory': 0}",,,,,,,
2026-02-22,"{'calendarDate': '2026-02-21', 'vo2MaxPreciseValue': 58.6, 'vo2MaxValue': 59.0, 'fitnessAge': None, 'fitnessAgeDescription': None, 'maxMetCategory': 0}",,,,,,,
2026-02-23,"{'calendarDate': '2026-02-21', 'vo2MaxPreciseValue': 58.6, 'vo2MaxValue': 59.0, 'fitnessAge': None, 'fitnessAgeDescription': None, 'maxMetCategory': 0}",,,,,,,
2026-02-24,"{'calendarDate': '2026-02-21', 'vo2MaxPreciseValue': 58.6, 'vo2MaxValue': 59.0, 'fitnessAge': None, 'fitnessAgeDescription': None, 'maxMetCategory': 0}",,,,,,,
2026-02-25,"{'calendarDate': '2026-02-21', 'vo2MaxPreciseValue': 58.6, 'vo2MaxValue': 59.0, 'fitnessAge': None, 'fitnessAgeDescription': None, 'maxMetCategory': 0}",,,,,,,
2026-02-26,"{'calendarDate': '2026-02-21', 'vo2MaxPreciseValue': 58.6, 'vo2MaxValue': 59.0, 'fitnessAge': None, 'fitnessAgeDescription': None, 'maxMetCategory': 0}",,,,,,,
2026-02-27,"{'calendarDate': '2026-02-21', 'vo2MaxPreciseValue': 58.6, 'vo2MaxValue': 59.0, 'fitnessAge': None, 'fitnessAgeDescription': None, 'maxMetCategory': 0}",,,,,,,
2026-02-28,"{'calendarDate': '2026-02-28', 'vo2MaxPreciseValue': 58.6, 'vo2MaxValue': 59.0, 'fitnessAge': None, 'fitnessAgeDescription': None, 'maxMetCategory': 0}",,,,,,,
2026-03-01,"{'calendarDate': '2026-02-28', 'vo2MaxPreciseValue': 58.6, 'vo2MaxValue': 59.0, 'fitnessAge': None, 'fitnessAgeDescription': None, 'maxMetCategory': 0}",,,,,,,
2026-03-02,"{'calendarDate': '2026-02-28', 'vo2MaxPreciseValue': 58.6, 'vo2MaxValue': 59.0, 'fitnessAge': None, 'fitnessAgeDescription': None, 'maxMetCategory': 0}",,,,,,,
2026-03-03,"{'calendarDate': '2026-02-28', 'vo2MaxPreciseValue': 58.6, 'vo2MaxValue': 59.0, 'fitnessAge': None, 'fitnessAgeDescription': None, 'maxMetCategory': 0}",,,,,,,
2026-03-04,"{'calendarDate': '2026-02-28', 'vo2MaxPreciseValue': 58.6, 'vo2MaxValue': 59.0, 'fitnessAge': None, 'fitnessAgeDescription': None, 'maxMetCategory': 0}",,,,,,,
2026-03-05,"{'calendarDate': '2026-03-05', 'vo2MaxPreciseValue': 59.2, 'vo2MaxValue': 59.0, 'fitnessAge': None, 'fitnessAgeDescription': None, 'maxMetCategory': 0}",,,,,,,
2026-03-06,"{'calendarDate': '2026-03-05', 'vo2MaxPreciseValue': 59.2, 'vo2MaxValue': 59.0, 'fitnessAge': None, 'fitnessAgeDescription': None, 'maxMetCategory': 0}",,,,,,,
2026-03-07,"{'calendarDate': '2026-03-05', 'vo2MaxPreciseValue': 59.2, 'vo2MaxValue': 59.0, 'fitnessAge': None, 'fitnessAgeDescription': None, 'maxMetCategory': 0}",,,,,,,
2026-03-08,"{'calendarDate': '2026-03-08', 'vo2MaxPreciseValue': 58.9, 'vo2MaxValue': 59.0, 'fitnessAge': None, 'fitnessAgeDescription': None, 'maxMetCategory': 0}",,,,,,,
2026-03-09,"{'calendarDate': '2026-03-08', 'vo2MaxPreciseValue': 58.9, 'vo2MaxValue': 59.0, 'fitnessAge': None, 'fitnessAgeDescription': None, 'maxMetCategory': 0}",,,,,,,
2026-03-10,"{'calendarDate': '2026-03-08', 'vo2MaxPreciseValue': 58.9, 'vo2MaxValue': 59.0, 'fitnessAge': None, 'fitnessAgeDescription': None, 'maxMetCategory': 0}",,,,,,,
2026-03-11,"{'calendarDate': '2026-03-08', 'vo2MaxPreciseValue': 58.9, 'vo2MaxValue': 59.0, 'fitnessAge': None, 'fitnessAgeDescription': None, 'maxMetCategory': 0}",,,,,,,
2026-03-12,"{'calendarDate': '2026-03-12', 'vo2MaxPreciseValue': 59.4, 'vo2MaxValue': 59.0, 'fitnessAge': None, 'fitnessAgeDescription': None, 'maxMetCategory': 0}",,,,,,,
2026-03-13,"{'calendarDate': '2026-03-12', 'vo2MaxPreciseValue': 59.4, 'vo2MaxValue': 59.0, 'fitnessAge': None, 'fitnessAgeDescription': None, 'maxMetCategory': 0}",,,,,,,
2026-03-14,"{'calendarDate': '2026-03-12', 'vo2MaxPreciseValue': 59.4, 'vo2MaxValue': 59.0, 'fitnessAge': None, 'fitnessAgeDescription': None, 'maxMetCategory': 0}",,,,,,,
2026-03-15,"{'calendarDate': '2026-03-15', 'vo2MaxPreciseValue': 59.7, 'vo2MaxValue': 60.0, 'fitnessAge': None, 'fitnessAgeDescription': None, 'maxMetCategory': 0}",,,,,,,
2026-03-16,"{'calendarDate': '2026-03-15', 'vo2MaxPreciseValue': 59.7, 'vo2MaxValue': 60.0, 'fitnessAge': None, 'fitnessAgeDescription': None, 'maxMetCategory': 0}",,,,,,,
2026-03-17,"{'calendarDate': '2026-03-15', 'vo2MaxPreciseValue': 59.7, 'vo2MaxValue': 60.0, 'fitnessAge': None, 'fitnessAgeDescription': None, 'maxMetCategory': 0}",,,,,,,
2026-03-18,"{'calendarDate': '2026-03-15', 'vo2MaxPreciseValue': 59.7, 'vo2MaxValue': 60.0, 'fitnessAge': None, 'fitnessAgeDescription': None, 'maxMetCategory': 0}",,,,,,,
2026-03-19,"{'calendarDate': '2026-03-19', 'vo2MaxPreciseValue': 59.6, 'vo2MaxValue': 60.0, 'fitnessAge': None, 'fitnessAgeDescription': None, 'maxMetCategory': 0}",,,,,,,
2026-03-20,"{'calendarDate': '2026-03-19', 'vo2MaxPreciseValue': 59.6, 'vo2MaxValue': 60.0, 'fitnessAge': None, 'fitnessAgeDescription': None, 'maxMetCategory': 0}",,,,,,,
2026-03-21,"{'calendarDate': '2026-03-19', 'vo2MaxPreciseValue': 59.6, 'vo2MaxValue': 60.0, 'fitnessAge': None, 'fitnessAgeDescription': None, 'maxMetCategory': 0}",,,,,,,
2026-03-22,"{'calendarDate': '2026-03-19', 'vo2MaxPreciseValue': 59.6, 'vo2MaxValue': 60.0, 'fitnessAge': None, 'fitnessAgeDescription': None, 'maxMetCategory': 0}",,,,,,,
2026-03-23,"{'calendarDate': '2026-03-19', 'vo2MaxPreciseValue': 59.6, 'vo2MaxValue': 60.0, 'fitnessAge': None, 'fitnessAgeDescription': None, 'maxMetCategory': 0}",,,,,,,
2026-03-24,"{'calendarDate': '2026-03-19', 'vo2MaxPreciseValue': 59.6, 'vo2MaxValue': 60.0, 'fitnessAge': None, 'fitnessAgeDescription': None, 'maxMetCategory': 0}",,,,,,,
2026-03-25,"{'calendarDate': '2026-03-19', 'vo2MaxPreciseValue': 59.6, 'vo2MaxValue': 60.0, 'fitnessAge': None, 'fitnessAgeDescription': None, 'maxMetCategory': 0}",,,,,,,
2026-03-26,"{'calendarDate': '2026-03-19', 'vo2MaxPreciseValue': 59.6, 'vo2MaxValue': 60.0, 'fitnessAge': None, 'fitnessAgeDescription': None, 'maxMetCategory': 0}",,,,,,,
2026-03-27,"{'calendarDate': '2026-03-19', 'vo2MaxPreciseValue': 59.6, 'vo2MaxValue': 60.0, 'fitnessAge': None, 'fitnessAgeDescription': None, 'maxMetCategory': 0}",,,,,,,
2026-03-28,"{'calendarDate': '2026-03-28', 'vo2MaxPreciseValue': 59.1, 'vo2MaxValue': 59.0, 'fitnessAge': None, 'fitnessAgeDescription': None, 'maxMetCategory': 0}",,,,,,,
2026-03-29,"{'calendarDate': '2026-03-28', 'vo2MaxPreciseValue': 59.1, 'vo2MaxValue': 59.0, 'fitnessAge': None, 'fitnessAgeDescription': None, 'maxMetCategory': 0}",,,,,,,
2026-03-30,"{'calendarDate': '2026-03-28', 'vo2MaxPreciseValue': 59.1, 'vo2MaxValue': 59.0, 'fitnessAge': None, 'fitnessAgeDescription': None, 'maxMetCategory': 0}",,,,,,,
2026-03-31,"{'calendarDate': '2026-03-28', 'vo2MaxPreciseValue': 59.1, 'vo2MaxValue': 59.0, 'fitnessAge': None, 'fitnessAgeDescription': None, 'maxMetCategory': 0}",,,,,,,
2026-04-01,"{'calendarDate': '2026-03-28', 'vo2MaxPreciseValue': 59.1, 'vo2MaxValue': 59.0, 'fitnessAge': None, 'fitnessAgeDescription': None, 'maxMetCategory': 0}",,,,,,,
2026-04-02,"{'calendarDate': '2026-03-28', 'vo2MaxPreciseValue': 59.1, 'vo2MaxValue': 59.0, 'fitnessAge': None, 'fitnessAgeDescription': None, 'maxMetCategory': 0}",,,,,,,
2026-04-03,"{'calendarDate': '2026-04-03', 'vo2MaxPreciseValue': 59.3, 'vo2MaxValue': 59.0, 'fitnessAge': None, 'fitnessAgeDescription': None, 'maxMetCategory': 0}",,,,,,,
2026-04-04,"{'calendarDate': '2026-04-03', 'vo2MaxPreciseValue': 59.3, 'vo2MaxValue': 59.0, 'fitnessAge': None, 'fitnessAgeDescription': None, 'maxMetCategory': 0}",,,,,,,
2026-04-05,"{'calendarDate': '2026-04-03', 'vo2MaxPreciseValue': 59.3, 'vo2MaxValue': 59.0, 'fitnessAge': None, 'fitnessAgeDescription': None, 'maxMetCategory': 0}",,,,,,,
2026-04-06,"{'calendarDate': '2026-04-03', 'vo2MaxPreciseValue': 59.3, 'vo2MaxValue': 59.0, 'fitnessAge': None, 'fitnessAgeDescription': None, 'maxMetCategory': 0}",,,,,,,
2026-04-07,"{'calendarDate': '2026-04-03', 'vo2MaxPreciseValue': 59.3, 'vo2MaxValue': 59.0, 'fitnessAge': None, 'fitnessAgeDescription': None, 'maxMetCategory': 0}",,,,,,,
2026-04-08,"{'calendarDate': '2026-04-03', 'vo2MaxPreciseValue': 59.3, 'vo2MaxValue': 59.0, 'fitnessAge': None, 'fitnessAgeDescription': None, 'maxMetCategory': 0}",,,,,,,
2026-04-09,"{'calendarDate': '2026-04-09', 'vo2MaxPreciseValue': 59.2, 'vo2MaxValue': 59.0, 'fitnessAge': None, 'fitnessAgeDescription': None, 'maxMetCategory': 0}",,,,,,,
2026-04-10,"{'calendarDate': '2026-04-09', 'vo2MaxPreciseValue': 59.2, 'vo2MaxValue': 59.0, 'fitnessAge': None, 'fitnessAgeDescription': None, 'maxMetCategory': 0}",,,,,,,
2026-04-11,"{'calendarDate': '2026-04-09', 'vo2MaxPreciseValue': 59.2, 'vo2MaxValue': 59.0, 'fitnessAge': None, 'fitnessAgeDescription': None, 'maxMetCategory': 0}",,,,,,,
2026-04-12,"{'calendarDate': '2026-04-12', 'vo2MaxPreciseValue': 59.7, 'vo2MaxValue': 60.0, 'fitnessAge': None, 'fitnessAgeDescription': None, 'maxMetCategory': 0}",,,,,,,
2026-04-13,"{'calendarDate': '2026-04-12', 'vo2MaxPreciseValue': 59.7, 'vo2MaxValue': 60.0, 'fitnessAge': None, 'fitnessAgeDescription': None, 'maxMetCategory': 0}",,,,,,,
2026-04-14,"{'calendarDate': '2026-04-12', 'vo2MaxPreciseValue': 59.7, 'vo2MaxValue': 60.0, 'fitnessAge': None, 'fitnessAgeDescription': None, 'maxMetCategory': 0}",,,,,,,
2026-04-15,"{'calendarDate': '2026-04-12', 'vo2MaxPreciseValue': 59.7, 'vo2MaxValue': 60.0, 'fitnessAge': None, 'fitnessAgeDescription': None, 'maxMetCategory': 0}",,,,,,,
2026-04-16,"{'calendarDate': '2026-04-16', 'vo2MaxPreciseValue': 60.3, 'vo2MaxValue': 60.0, 'fitnessAge': None, 'fitnessAgeDescription': None, 'maxMetCategory': 0}",,,,,,,
2026-04-17,"{'calendarDate': '2026-04-16', 'vo2MaxPreciseValue': 60.3, 'vo2MaxValue': 60.0, 'fitnessAge': None, 'fitnessAgeDescription': None, 'maxMetCategory': 0}",,,,,,,
2026-04-18,"{'calendarDate': '2026-04-16', 'vo2MaxPreciseValue': 60.3, 'vo2MaxValue': 60.0, 'fitnessAge': None, 'fitnessAgeDescription': None, 'maxMetCategory': 0}",,,,,,,
2026-04-19,"{'calendarDate': '2026-04-19', 'vo2MaxPreciseValue': 60.1, 'vo2MaxValue': 60.0, 'fitnessAge': None, 'fitnessAgeDescription': None, 'maxMetCategory': 0}",,,,,,,
2026-04-20,"{'calendarDate': '2026-04-19', 'vo2MaxPreciseValue': 60.1, 'vo2MaxValue': 60.0, 'fitnessAge': None, 'fitnessAgeDescription': None, 'maxMetCategory': 0}",,,,,,,
2026-04-21,"{'calendarDate': '2026-04-19', 'vo2MaxPreciseValue': 60.1, 'vo2MaxValue': 60.0, 'fitnessAge': None, 'fitnessAgeDescription': None, 'maxMetCategory': 0}",,,,,,,
2026-04-22,"{'calendarDate': '2026-04-19', 'vo2MaxPreciseValue': 60.1, 'vo2MaxValue': 60.0, 'fitnessAge': None, 'fitnessAgeDescription': None, 'maxMetCategory': 0}",,,,,,,
2026-04-23,"{'calendarDate': '2026-04-19', 'vo2MaxPreciseValue': 60.1, 'vo2MaxValue': 60.0, 'fitnessAge': None, 'fitnessAgeDescription': None, 'maxMetCategory': 0}",,,,,,,
2026-04-24,"{'calendarDate': '2026-04-19', 'vo2MaxPreciseValue': 60.1, 'vo2MaxValue': 60.0, 'fitnessAge': None, 'fitnessAgeDescription': None, 'maxMetCategory': 0}",,,,,,,
2026-04-25,"{'calendarDate': '2026-04-19', 'vo2MaxPreciseValue': 60.1, 'vo2MaxValue': 60.0, 'fitnessAge': None, 'fitnessAgeDescription': None, 'maxMetCategory': 0}",,,,,,,
2026-04-26,"{'calendarDate': '2026-04-26', 'vo2MaxPreciseValue': 60.2, 'vo2MaxValue': 60.0, 'fitnessAge': None, 'fitnessAgeDescription': None, 'maxMetCategory': 0}",,,,,,,
2026-04-27,"{'calendarDate': '2026-04-26', 'vo2MaxPreciseValue': 60.2, 'vo2MaxValue': 60.0, 'fitnessAge': None, 'fitnessAgeDescription': None, 'maxMetCategory': 0}",,,,,,,
2026-04-28,"{'calendarDate': '2026-04-26', 'vo2MaxPreciseValue': 60.2, 'vo2MaxValue': 60.0, 'fitnessAge': None, 'fitnessAgeDescription': None, 'maxMetCategory': 0}",,,,,,,
2026-04-29,"{'calendarDate': '2026-04-26', 'vo2MaxPreciseValue': 60.2, 'vo2MaxValue': 60.0, 'fitnessAge': None, 'fitnessAgeDescription': None, 'maxMetCategory': 0}",,,,,,,
2026-04-30,"{'calendarDate': '2026-04-26', 'vo2MaxPreciseValue': 60.2, 'vo2MaxValue': 60.0, 'fitnessAge': None, 'fitnessAgeDescription': None, 'maxMetCategory': 0}",,,,,,,
2026-05-01,"{'calendarDate': '2026-04-26', 'vo2MaxPreciseValue': 60.2, 'vo2MaxValue': 60.0, 'fitnessAge': None, 'fitnessAgeDescription': None, 'maxMetCategory': 0}",,,,,,,
2026-05-02,"{'calendarDate': '2026-05-02', 'vo2MaxPreciseValue': 60.1, 'vo2MaxValue': 60.0, 'fitnessAge': None, 'fitnessAgeDescription': None, 'maxMetCategory': 0}",,,,,,,
2026-05-03,"{'calendarDate': '2026-05-02', 'vo2MaxPreciseValue': 60.1, 'vo2MaxValue': 60.0, 'fitnessAge': None, 'fitnessAgeDescription': None, 'maxMetCategory': 0}",,,,,,,
2026-05-04,"{'calendarDate': '2026-05-02', 'vo2MaxPreciseValue': 60.1, 'vo2MaxValue': 60.0, 'fitnessAge': None, 'fitnessAgeDescription': None, 'maxMetCategory': 0}",,,,,,,
2026-05-05,"{'calendarDate': '2026-05-02', 'vo2MaxPreciseValue': 60.1, 'vo2MaxValue': 60.0, 'fitnessAge': None, 'fitnessAgeDescription': None, 'maxMetCategory': 0}",,,,,,,
2026-05-06,"{'calendarDate': '2026-05-02', 'vo2MaxPreciseValue': 60.1, 'vo2MaxValue': 60.0, 'fitnessAge': None, 'fitnessAgeDescription': None, 'maxMetCategory': 0}",,,,,,,
2026-05-07,"{'calendarDate': '2026-05-07', 'vo2MaxPreciseValue': 60.8, 'vo2MaxValue': 61.0, 'fitnessAge': None, 'fitnessAgeDescription': None, 'maxMetCategory': 0}",,,,,,,
2026-05-08,"{'calendarDate': '2026-05-07', 'vo2MaxPreciseValue': 60.8, 'vo2MaxValue': 61.0, 'fitnessAge': None, 'fitnessAgeDescription': None, 'maxMetCategory': 0}",,,,,,,
2026-05-09,"{'calendarDate': '2026-05-07', 'vo2MaxPreciseValue': 60.8, 'vo2MaxValue': 61.0, 'fitnessAge': None, 'fitnessAgeDescription': None, 'maxMetCategory': 0}",,,,,,,
2026-05-10,"{'calendarDate': '2026-05-07', 'vo2MaxPreciseValue': 60.8, 'vo2MaxValue': 61.0, 'fitnessAge': None, 'fitnessAgeDescription': None, 'maxMetCategory': 0}",,,,,,,
2026-05-11,"{'calendarDate': '2026-05-07', 'vo2MaxPreciseValue': 60.8, 'vo2MaxValue': 61.0, 'fitnessAge': None, 'fitnessAgeDescription': None, 'maxMetCategory': 0}",,,,,,,
2026-05-12,"{'calendarDate': '2026-05-12', 'vo2MaxPreciseValue': 60.6, 'vo2MaxValue': 61.0, 'fitnessAge': None, 'fitnessAgeDescription': None, 'maxMetCategory': 0}",,,,,,,
2026-05-13,"{'calendarDate': '2026-05-12', 'vo2MaxPreciseValue': 60.6, 'vo2MaxValue': 61.0, 'fitnessAge': None, 'fitnessAgeDescription': None, 'maxMetCategory': 0}",,,,,,,
2026-05-14,"{'calendarDate': '2026-05-12', 'vo2MaxPreciseValue': 60.6, 'vo2MaxValue': 61.0, 'fitnessAge': None, 'fitnessAgeDescription': None, 'maxMetCategory': 0}",,,,,,,
2026-05-15,"{'calendarDate': '2026-05-12', 'vo2MaxPreciseValue': 60.6, 'vo2MaxValue': 61.0, 'fitnessAge': None, 'fitnessAgeDescription': None, 'maxMetCategory': 0}",,,,,,,
2026-05-16,"{'calendarDate': '2026-05-12', 'vo2MaxPreciseValue': 60.6, 'vo2MaxValue': 61.0, 'fitnessAge': None, 'fitnessAgeDescription': None, 'maxMetCategory': 0}",,,,,,,
2026-05-17,"{'calendarDate': '2026-05-17', 'vo2MaxPreciseValue': 60.5, 'vo2MaxValue': 61.0, 'fitnessAge': None, 'fitnessAgeDescription': None, 'maxMetCategory': 0}",,,,,,,
2026-05-18,"{'calendarDate': '2026-05-17', 'vo2MaxPreciseValue': 60.5, 'vo2MaxValue': 61.0, 'fitnessAge': None, 'fitnessAgeDescription': None, 'maxMetCategory': 0}",,,,,,,
2026-05-19,"{'calendarDate': '2026-05-17', 'vo2MaxPreciseValue': 60.5, 'vo2MaxValue': 61.0, 'fitnessAge': None, 'fitnessAgeDescription': None, 'maxMetCategory': 0}",,,,,,,
2026-05-20,"{'calendarDate': '2026-05-17', 'vo2MaxPreciseValue': 60.5, 'vo2MaxValue': 61.0, 'fitnessAge': None, 'fitnessAgeDescription': None, 'maxMetCategory': 0}",,,,,,,
2026-05-21,"{'calendarDate': '2026-05-17', 'vo2MaxPreciseValue': 60.5, 'vo2MaxValue': 61.0, 'fitnessAge': None, 'fitnessAgeDescription': None, 'maxMetCategory': 0}",,,,,,,
2026-05-22,"{'calendarDate': '2026-05-17', 'vo2MaxPreciseValue': 60.5, 'vo2MaxValue': 61.0, 'fitnessAge': None, 'fitnessAgeDescription': None, 'maxMetCategory': 0}",,,,,,,
2026-05-23,"{'calendarDate': '2026-05-17', 'vo2MaxPreciseValue': 60.5, 'vo2MaxValue': 61.0, 'fitnessAge': None, 'fitnessAgeDescription': None, 'maxMetCategory': 0}",,,,,,,
2026-05-24,"{'calendarDate': '2026-05-17', 'vo2MaxPreciseValue': 60.5, 'vo2MaxValue': 61.0, 'fitnessAge': None, 'fitnessAgeDescription': None, 'maxMetCategory': 0}",,,,,,,
2026-05-25,"{'calendarDate': '2026-05-17', 'vo2MaxPreciseValue': 60.5, 'vo2MaxValue': 61.0, 'fitnessAge': None, 'fitnessAgeDescription': None, 'maxMetCategory': 0}",,,,,,,
2026-05-26,"{'calendarDate': '2026-05-17', 'vo2MaxPreciseValue': 60.5, 'vo2MaxValue': 61.0, 'fitnessAge': None, 'fitnessAgeDescription': None, 'maxMetCategory': 0}",,,,,,,
2026-05-27,"{'calendarDate': '2026-05-17', 'vo2MaxPreciseValue': 60.5, 'vo2MaxValue': 61.0, 'fitnessAge': None, 'fitnessAgeDescription': None, 'maxMetCategory': 0}",,,,,,,
2026-05-28,"{'calendarDate': '2026-05-28', 'vo2MaxPreciseValue': 60.4, 'vo2MaxValue': 60.0, 'fitnessAge': None, 'fitnessAgeDescription': None, 'maxMetCategory': 0}",,,,,,,
2026-05-29,"{'calendarDate': '2026-05-28', 'vo2MaxPreciseValue': 60.4, 'vo2MaxValue': 60.0, 'fitnessAge': None, 'fitnessAgeDescription': None, 'maxMetCategory': 0}",,,,,,,
2026-05-30,"{'calendarDate': '2026-05-28', 'vo2MaxPreciseValue': 60.4, 'vo2MaxValue': 60.0, 'fitnessAge': None, 'fitnessAgeDescription': None, 'maxMetCategory': 0}",,,,,,,
2026-05-31,"{'calendarDate': '2026-05-28', 'vo2MaxPreciseValue': 60.4, 'vo2MaxValue': 60.0, 'fitnessAge': None, 'fitnessAgeDescription': None, 'maxMetCategory': 0}",,,,,,,
2026-06-01,"{'calendarDate': '2026-05-28', 'vo2MaxPreciseValue': 60.4, 'vo2MaxValue': 60.0, 'fitnessAge': None, 'fitnessAgeDescription': None, 'maxMetCategory': 0}",,,,,,,
2026-06-02,"{'calendarDate': '2026-05-28', 'vo2MaxPreciseValue': 60.4, 'vo2MaxValue': 60.0, 'fitnessAge': None, 'fitnessAgeDescription': None, 'maxMetCategory': 0}",,,,,,,
2026-06-03,"{'calendarDate': '2026-06-03', 'vo2MaxPreciseValue': 60.3, 'vo2MaxValue': 60.0, 'fitnessAge': None, 'fitnessAgeDescription': None, 'maxMetCategory': 0}",,,,,,,
2026-06-04,"{'calendarDate': '2026-06-03', 'vo2MaxPreciseValue': 60.3, 'vo2MaxValue': 60.0, 'fitnessAge': None, 'fitnessAgeDescription': None, 'maxMetCategory': 0}",,,,,,,
2026-06-05,"{'calendarDate': '2026-06-03', 'vo2MaxPreciseValue': 60.3, 'vo2MaxValue': 60.0, 'fitnessAge': None, 'fitnessAgeDescription': None, 'maxMetCategory': 0}",,,,,,,
2026-06-06,"{'calendarDate': '2026-06-03', 'vo2MaxPreciseValue': 60.3, 'vo2MaxValue': 60.0, 'fitnessAge': None, 'fitnessAgeDescription': None, 'maxMetCategory': 0}",,,,,,,
2026-06-07,"{'calendarDate': '2026-06-07', 'vo2MaxPreciseValue': 59.7, 'vo2MaxValue': 60.0, 'fitnessAge': None, 'fitnessAgeDescription': None, 'maxMetCategory': 0}",,,,,,,
2026-06-08,"{'calendarDate': '2026-06-07', 'vo2MaxPreciseValue': 59.7, 'vo2MaxValue': 60.0, 'fitnessAge': None, 'fitnessAgeDescription': None, 'maxMetCategory': 0}",,,,,,,
2026-06-09,"{'calendarDate': '2026-06-07', 'vo2MaxPreciseValue': 59.7, 'vo2MaxValue': 60.0, 'fitnessAge': None, 'fitnessAgeDescription': None, 'maxMetCategory': 0}",,,,,,,
2026-06-10,"{'calendarDate': '2026-06-07', 'vo2MaxPreciseValue': 59.7, 'vo2MaxValue': 60.0, 'fitnessAge': None, 'fitnessAgeDescription': None, 'maxMetCategory': 0}",,,,,,,
2026-06-11,"{'calendarDate': '2026-06-11', 'vo2MaxPreciseValue': 60.3, 'vo2MaxValue': 60.0, 'fitnessAge': None, 'fitnessAgeDescription': None, 'maxMetCategory': 0}",,,,,,,
2026-06-12,"{'calendarDate': '2026-06-11', 'vo2MaxPreciseValue': 60.3, 'vo2MaxValue': 60.0, 'fitnessAge': None, 'fitnessAgeDescription': None, 'maxMetCategory': 0}",,,,,,,
2026-06-13,"{'calendarDate': '2026-06-11', 'vo2MaxPreciseValue': 60.3, 'vo2MaxValue': 60.0, 'fitnessAge': None, 'fitnessAgeDescription': None, 'maxMetCategory': 0}",,,,,,,
2026-06-14,"{'calendarDate': '2026-06-11', 'vo2MaxPreciseValue': 60.3, 'vo2MaxValue': 60.0, 'fitnessAge': None, 'fitnessAgeDescription': None, 'maxMetCategory': 0}",,,,,,,
2026-06-15,"{'calendarDate': '2026-06-11', 'vo2MaxPreciseValue': 60.3, 'vo2MaxValue': 60.0, 'fitnessAge': None, 'fitnessAgeDescription': None, 'maxMetCategory': 0}",,,,,,,
2026-06-16,"{'calendarDate': '2026-06-11', 'vo2MaxPreciseValue': 60.3, 'vo2MaxValue': 60.0, 'fitnessAge': None, 'fitnessAgeDescription': None, 'maxMetCategory': 0}",,,,,,,
2026-06-17,"{'calendarDate': '2026-06-11', 'vo2MaxPreciseValue': 60.3, 'vo2MaxValue': 60.0, 'fitnessAge': None, 'fitnessAgeDescription': None, 'maxMetCategory': 0}",,,,,,,
2026-06-18,"{'calendarDate': '2026-06-18', 'vo2MaxPreciseValue': 59.9, 'vo2MaxValue': 60.0, 'fitnessAge': None, 'fitnessAgeDescription': None, 'maxMetCategory': 0}",,,,,,,
2026-06-19,"{'calendarDate': '2026-06-18', 'vo2MaxPreciseValue': 59.9, 'vo2MaxValue': 60.0, 'fitnessAge': None, 'fitnessAgeDescription': None, 'maxMetCategory': 0}",,,,,,,
2026-06-20,"{'calendarDate': '2026-06-18', 'vo2MaxPreciseValue': 59.9, 'vo2MaxValue': 60.0, 'fitnessAge': None, 'fitnessAgeDescription': None, 'maxMetCategory': 0}",,,,,,,
2026-06-21,"{'calendarDate': '2026-06-21', 'vo2MaxPreciseValue': 60.6, 'vo2MaxValue': 61.0, 'fitnessAge': None, 'fitnessAgeDescription': None, 'maxMetCategory': 0}",,,,,,,
2026-06-22,"{'calendarDate': '2026-06-21', 'vo2MaxPreciseValue': 60.6, 'vo2MaxValue': 61.0, 'fitnessAge': None, 'fitnessAgeDescription': None, 'maxMetCategory': 0}",,,,,,,
